star_name,n_spectra,n_single,n_echelle_orders,ra_deg,dec_deg,mjd_min,mjd_max,median_snr,amateur_frac,time_span_days,split
10 CAS,304,59,245,1.61058678,64.1961689,49239.02195601852,60982.91561921296,174.26173588874565,0.7796052631578947,11743.9,train
10 CMA,153,9,144,101.1186119,-31.07052433,49349.13522476852,61026.725127314814,379.2340316517205,0.9869281045751634,11677.6,train
105 TAU,329,104,225,76.9809852,21.70482363,54386.17099537037,61021.85916356481,103.71012252455584,1.0,6635.7,test
11 CAM,430,66,364,76.53521493,58.97237189,54387.022997685184,60983.85023148148,182.42942575273065,0.9883720930232558,6596.8,test
11 CYG,284,41,243,293.95126733,36.94454052,51343.05694444444,60904.83277199074,120.43210153672491,0.9823943661971831,9561.8,train
12 AUR,584,47,537,79.1128471,46.4160642,54083.965995370374,60988.91541087963,117.21975074031683,0.9931506849315068,6904.9,test
12 VUL,2736,1368,1368,297.76711756,22.61004811,49920.9065625,61000.719293981485,393.05187640962475,0.998172514619883,11079.8,validation
120 TAU,385,97,288,83.38179818,18.54023076,49041.99045582176,61021.88836844907,294.4835693344519,0.9818181818181818,11979.9,test
13 TAU,447,49,398,55.57894623,19.70025573,48257.11028811921,60916.35737268518,177.931190108981,0.9888143176733781,12659.2,train
14 LAC,1378,141,1237,342.59072768,41.95339391,50977.082571412095,60995.8412962963,118.39507694937456,0.8984034833091437,10018.8,validation
141 TAU,4,4,0,90.42345606,22.40099536,60376.93232414352,60758.79711703704,344.6831554451108,1.0,381.9,validation
15 MON,2006,47,1959,100.24441512,9.89575637,48287.84035146991,60943.35514467592,170.6696746598683,0.19441674975074777,12655.5,test
16 PEG,1816,61,1755,328.2657011,25.92513615,49617.61058351273,61023.83324652778,194.07187669658072,0.21916299559471367,11406.2,train
17 SEX,755,202,553,152.53141493,-8.40816541,48423.82050691551,60744.27342013889,171.02149225065912,0.8993377483443709,12320.5,validation
17 TAU,700,135,565,56.21890368,24.11333645,48311.86319444444,61020.854913194446,283.37323107740946,0.8871428571428571,12709.0,train
18 AND,564,49,515,354.78471705,50.47173272,52128.053935185184,61010.92963254629,156.3728932942958,0.9929078014184397,8882.9,train
19 MON,3065,38,3027,105.728236,-4.239231,49313.185472471065,60960.18318512732,157.7537955583317,0.04632952691680261,11647.0,train
2 CET,246,41,205,0.93494934,-17.3359922,52283.79236111111,60915.36935763889,380.6228458973128,0.991869918699187,8631.6,validation
2 ORI,362,118,244,72.65301243,8.90018037,54080.97200231482,61023.03337384259,401.3139837689039,0.9917127071823204,6942.1,train
20 VUL,272,54,218,303.00292203,26.47880657,52079.093935185185,60824.13273350694,124.7512411173901,0.9816176470588235,8745.0,train
228 ERI,315,52,263,67.27885559,-13.04836762,48230.355866394675,60916.30501736111,301.8094812887668,0.9174603174603174,12685.9,train
23 TAU,823,126,697,56.58155768,23.9483559,48311.88055555556,60983.90690393518,276.36780461780586,0.9015795868772782,12672.0,train
25 CYG,1849,641,1208,299.97998237,37.04288592,49921.912152777775,61006.84030081019,180.714351606136,0.9929691725256896,11084.9,test
25 ORI,645,76,569,81.18677766,1.84644553,49440.0618030787,61023.91186921296,241.5707146647934,0.9906976744186047,11583.9,train
25 PEG,375,63,312,331.95959987,21.70292552,48767.708151325234,60882.88612847222,190.49953014855035,0.9866666666666667,12115.2,train
25 VUL,299,43,256,305.51429342,24.44609927,52081.080671296295,60897.88041087963,133.65231665865363,0.9832775919732442,8816.8,train
27 CMA,271,10,261,108.56338299,-26.35250867,47928.32770585648,60954.32157407407,501.05524589181164,0.988929889298893,13026.0,train
28 CYG,3837,1405,2432,302.3567462,36.8396217,49920.94201388889,61006.86993155093,328.4201670973563,0.997393797237425,11085.9,validation
29 DOR,147,4,143,84.22908035,-66.56028647,56612.45615740741,61021.634409722225,276.4043919749849,1.0,4409.2,train
31 PEG,1433,88,1345,335.37947961,12.20518412,49922.03472222222,60980.76338538194,186.4866137951323,0.5408234473133287,11058.7,train
39 CRU,152,4,148,190.48570127,-59.68581972,48739.80299589699,60741.23065972222,517.9321273312617,0.9868421052631579,12001.4,validation
4 AQL,403,66,337,281.20807583,2.06003779,52064.998935185184,60931.14361111111,222.64612546448947,0.7270471464019851,8866.1,train
4 HER,2149,112,2037,238.87746735,42.56619261,48795.99577307871,60988.75486111111,106.96914000598773,0.9022801302931596,12192.8,train
43 ORI,391,50,341,83.84542146,-5.41606131,49396.07348074653,60922.34367476852,168.35167231512347,0.8184143222506394,11526.3,train
48 LIB,445,148,297,239.54736956,-14.27935817,47998.758956174766,60878.88892103009,240.68314428297126,0.9617977528089887,12880.1,train
48 PER,390,62,328,62.165384,47.71251193,48128.53940765625,60976.8740625,231.63880807098832,0.9923076923076923,12848.3,train
5 CNC,903,90,813,120.37620136,16.45531027,54533.090457175924,60998.08556673611,118.65441302793305,0.9723145071982281,6465.0,validation
51 OPH,235,49,186,262.85397556,-23.96264266,57127.151458333334,60927.133680555555,446.3655949257091,1.0,3800.0,validation
53 BOO,700,142,558,232.94575756,40.8993368,52283.13167824074,60870.98423850694,193.64604810920537,0.9942857142857143,8587.9,train
56 ERI,334,43,291,71.0221704,-8.50356737,49298.30039625,60916.40458333334,213.56535532487226,0.9580838323353293,11618.1,train
59 CYG,5271,122,5149,314.956486,47.520951,48817.93402777778,60954.78221064815,146.1680125445991,0.09011572756592677,12136.8,validation
60 CYG,383,97,286,315.29553503,46.15577267,49313.36732432292,60965.19896412037,161.7069204541068,0.9216710182767625,11651.8,train
64 SER,345,84,261,284.31912416,2.53534756,52079.01193287037,60944.07938657407,167.61093177953546,0.8782608695652174,8865.1,validation
66 OPH,10912,768,10144,270.06582603,4.36861564,49051.17863425926,60930.09197337963,179.8267920007595,0.18044354838709678,11878.9,test
69 ORI,1085,119,966,93.01366479,16.13040596,54505.93611342592,61021.944198032405,189.27177398684628,0.9953917050691244,6516.0,train
7 VUL,243,18,225,292.33707131,20.27973926,56384.174629629626,60933.07921875,203.9174650263026,1.0,4548.9,validation
8 LAC A,811,366,445,338.96785177,39.63432861,49296.155263229164,61000.78652199074,237.5198137125994,0.8927250308261405,11704.6,test
A CEN,141,3,138,173.69023254,-54.26409222,55960.552748842594,60739.35148726852,414.9276675445662,1.0,4778.8,train
AB AUR,587,37,550,73.94102172,30.55119074,56150.081417824076,60997.93575953704,76.2401998995575,1.0,4847.9,train
ACHERNAR,790,78,712,24.42852282,-57.23675279,48164.454636030096,61026.564172453705,507.78789952736145,0.950632911392405,12862.1,train
AG AUR,21,2,19,96.8904,47.0311,56754.86660300926,59327.8947974537,48.74976433980642,1.0,2573.0,train
AG CAR,119,3,116,164.04823747,-60.45355712,56802.46273148148,60789.28683564815,157.7916110178218,1.0,3986.8,train
AG+64 187,1,1,0,43.43566349,64.71861568,60565.040601169734,60565.040601169734,351.30191831390823,1.0,0.0,train
AL 207,2,2,0,82.0,-67.52,57349.50506944444,59787.393948666664,23.003807812424085,1.0,2437.9,train
ALCYONE,1243,165,1078,56.87115231,24.10513565,47951.27961713542,61020.85524305556,311.93544819411,0.670957361222848,13069.6,train
ALF ARA,159,14,145,262.96038137,-49.87614501,49439.90574569444,60924.15511979166,440.1242010610931,0.9811320754716981,11484.2,train
ALF COL,132,16,116,84.9122543,-34.07410972,48240.00966219329,60923.28487326389,468.9246579849056,0.9393939393939394,12683.3,test
ALFIRK,8125,210,7915,322.1649879,70.5607161,49560.990277777775,60954.81023148148,143.05586562368043,0.39224615384615386,11393.8,train
ALS 7394,20,1,19,40.6798175,61.266006666667,58317.05968171296,58362.05606481482,10.894408884180386,1.0,45.0,train
AN COL,200,6,194,80.32025211,-34.34505176,55853.57172453704,61025.60412037037,344.6119825523964,1.0,5172.0,validation
AS 37,2,2,0,25.5587058,63.6074678,55873.94558449074,57377.743414351855,118545.09541921644,1.0,1503.8,train
AX MON,405,33,372,97.63724,5.8669994,51572.90772874994,61005.10059707176,87.34916077627578,0.6666666666666666,9432.2,train
AZV 162,2,2,0,13.75354,-72.93814,59410.396707175925,59444.21629361111,78.60264695451359,1.0,33.8,train
AZV 191,2,2,0,14.40529,-72.21922,59435.33751736111,59809.26839919444,67.10896096869654,1.0,373.9,train
AZV 308,1,1,0,15.66325,-72.84903,59496.31162615741,59496.31162615741,60.10095096802402,1.0,0.0,test
AZV 397,1,1,0,16.52692,-72.30075,59831.2565515,59831.2565515,35.54128633597932,1.0,0.0,train
AZV 437,1,1,0,17.18438,-73.24731,59793.325430916666,59793.325430916666,21.680515445709112,1.0,0.0,test
BD+14 3887,98,3,95,290.39156791667,14.882476111111,58292.068136574075,58990.08161458333,38.47502714599727,1.0,698.0,train
BD+30 3526,4,4,0,290.4175671,31.1621414,56402.14543981481,58991.96952546296,339.2227140567136,1.0,2589.8,validation
BD+35 1169,33,3,30,83.590417,35.813592,56303.93522569445,59172.06434606481,127.72601039644867,1.0,2868.1,train
BD+36 3956B,1,1,0,303.667305,36.6465261,56923.79170138889,56923.79170138889,60.89835822981788,1.0,0.0,validation
BD+36 4145,33,33,0,309.07586031,37.41744911,56178.93145833333,60135.43395254629,187.82074641993825,0.9696969696969697,3956.5,train
BD+37 1292,32,2,30,85.7099258,37.9840989,57071.87766203703,60615.95517008102,194.0212863703597,1.0,3544.1,train
BD+38 4093,2,2,0,306.792542,38.900453,57941.91112268518,58316.08251157407,731.0257395257269,1.0,374.2,test
BD+40 4353,3,3,0,313.5671629,40.8371406,56912.82696759259,58376.902262731484,169.03498902685504,1.0,1464.1,test
BD+413731,205,4,201,306.06548167,42.30037957,49591.08295759045,60538.88371527778,36.02724182943856,0.01951219512195122,10947.8,validation
BD+42 4162,1,1,0,324.45846544,42.97523578,60554.93293234865,60554.93293234865,234.15501456571118,1.0,0.0,train
BD+44 3475,1,1,0,307.08643733,45.4340338,60549.84598708519,60549.84598708519,194.36350783271487,1.0,0.0,train
BD+44 3594,4,4,0,312.2983119,45.41105366,56933.83552083333,60533.91688657407,187.68146707841112,1.0,3600.1,test
BD+46 2948,3,3,0,307.33409483,46.66639456,57286.79487268518,58677.89734375,1223.764946611232,1.0,1391.1,train
BD+46 3022,2,2,0,310.8314733,46.5705644,58314.934699074074,59111.991255787034,603.5810719254266,1.0,797.1,test
BD+46 3087,3,3,0,313.2747171,46.6861464,56917.893605324076,58745.84019675926,574.1920192810383,1.0,1827.9,train
BD+47 3148,3,3,0,309.3109658,47.7072586,58312.95161458333,58697.94298032407,926.1367348651796,1.0,385.0,train
BD+47 3302,5,5,0,317.1106029,47.6739806,56513.091840277775,59511.92199041667,401.3956821876772,1.0,2998.8,train
BD+471108,1,1,0,78.17913392,47.90755825,60333.98041420717,60333.98041420717,821.7278352438686,1.0,0.0,train
BD+49 2768,6,6,0,274.8384392,49.4213769,56405.02390625,59695.0399537037,350.8076802317711,1.0,3290.0,test
BD+49 3615,5,5,0,326.46734604,50.2924838,55526.79974537037,60596.26929398148,115.80098216002922,1.0,5069.5,test
BD+50 3180,3,3,0,310.9592258,50.9728725,57286.85287037037,59000.90522569444,674.2957194649567,1.0,1714.1,test
BD+50 3194,1,1,0,311.55987106,50.65014312,60937.84916087963,60937.84916087963,633.5228662400953,1.0,0.0,train
BD+50 3495,1,1,0,329.13028951,50.69025858,60558.89056983806,60558.89056983806,148.4485674822918,1.0,0.0,train
BD+50 395,2,2,0,29.0111129,50.9497956,58040.83327546297,58046.83298032408,5328.028721642742,1.0,6.0,train
BD+50 447,1,1,0,31.5411579,51.1634617,58717.99271412037,58717.99271412037,654.554332378043,1.0,0.0,test
BD+53 2790,32,3,29,331.9843221,54.5184456,56508.91228587963,59051.01877314815,85.06564364614447,1.0,2542.1,train
BD+53 2964,3,3,0,340.8466717,54.0715989,57959.99177083333,58738.903836805555,189.3341813723065,0.6666666666666666,778.9,train
BD+54 2399,28,28,0,310.221,55.327,58250.00218171296,59511.87649313889,104.89099639052591,1.0,1261.9,train
BD+54 2676,3,3,0,330.8131133,55.0884081,57286.89880787037,59077.075949074075,419.5002787529635,1.0,1790.2,validation
BD+54 2718,33,3,30,333.747858,55.463561,58313.99497685185,59159.815491898145,102.2129773497178,1.0,845.8,train
BD+54 2887,1,1,0,344.65131522,55.46992533,60577.86455978742,60577.86455978742,413.61042301091425,1.0,0.0,train
BD+55 521,3,3,0,32.233754,56.196525,57012.78625,57019.80156847222,57.64997012842884,1.0,7.0,validation
BD+55 81,33,3,30,7.0501721,56.396535,56229.79095486111,59170.96414351852,64.35815106021334,1.0,2941.2,validation
BD+550521,134,0,134,32.222083,56.193333,52653.780307212444,52653.82276018339,55.994880830231494,0.0,0.0,train
BD+55880,1,1,0,66.42402612,56.25816374,60339.82212925926,60339.82212925926,414.5788976951469,1.0,0.0,train
BD+56 251,2,2,0,20.204,57.438,56916.97318287037,59108.953790590276,65.84886751061462,1.0,2192.0,train
BD+56 259,2,2,0,20.8313,57.6486,56917.174716435184,59604.83920138889,307.00244567579193,1.0,2687.7,test
BD+56 2626,3,3,0,325.4204721,56.6934261,58332.97835648148,59463.35594907407,579.6894225412335,1.0,1130.4,train
BD+56 2811,4,4,0,338.750558,57.603994,57977.96083333333,59604.78600115741,267.7019695634759,0.75,1626.8,train
BD+56 489,2,2,0,34.562962,57.171156,58564.900052083336,59174.89921296296,583.2621101544228,1.0,610.0,validation
BD+56 493,1,1,0,34.57647,56.8506322,57423.87902199074,57423.87902199074,1400.028681789521,1.0,0.0,train
BD+56 509,1,1,0,34.70104,57.24025,58564.83001736111,58564.83001736111,833.4685021889687,1.0,0.0,train
BD+56 511,2,2,0,34.699646,57.067247,58396.878125,59561.99885416667,1246.4422339842256,1.0,1165.1,train
BD+56 534,3,3,0,34.860529,57.078394,57419.848721064816,58805.84380787037,77.76473989296686,1.0,1386.0,train
BD+56 573,2,2,0,35.5265,57.090292,58566.896365740744,59105.0921875,627.569633394372,1.0,538.2,train
BD+56 579,4,4,0,35.57971,57.62031,56229.899809027775,59209.76220486111,696.8763155201508,1.0,2979.9,train
BD+56 582,3,3,0,35.594775,57.2847242,56229.91578125,58743.08547453704,490.1774900292614,1.0,2513.2,train
BD+56 612,3,3,0,36.4373946,57.3201394,56228.766168981485,57378.848524305555,736.7745474218497,1.0,1150.1,validation
BD+56 624,1,1,0,36.6690029,57.0925219,56228.743472222224,56228.743472222224,673.7105290762031,1.0,0.0,train
BD+56 727,3,3,0,42.8762008,56.9578614,56228.789189814815,58858.08699074074,539.6141753300362,1.0,2629.3,train
BD+57 243,5,5,0,19.7254854,58.2019042,55935.74885416667,60568.03045588889,541.709857899661,1.0,4632.3,train
BD+57 2678,2,2,0,345.9033608,58.3097494,56139.97316550926,58703.06600115741,211.34366593483384,1.0,2563.1,train
BD+57 334,1,1,0,23.98893063,58.15359014,60889.97886052083,60889.97886052083,347.5255973486684,1.0,0.0,train
BD+57 515,4,4,0,33.17671,57.69211,57362.78302662037,59166.82061342592,208.70431245472776,1.0,1804.0,train
BD+57 607A,1,1,0,40.038454,57.761586,58744.95992476852,58744.95992476852,230.96321008146512,1.0,0.0,train
BD+572615,137,3,134,341.95654813,58.14708889,49593.10575200128,59458.801991333334,48.535076421926604,0.014598540145985401,9865.7,train
BD+58 247,2,2,0,22.351475,59.099272,57984.873761574076,59603.81861689815,385.6639759666499,0.5,1618.9,validation
BD+58 277,1,1,0,25.5551608,59.3417772,58051.8443287037,58051.8443287037,518.8470053993206,1.0,0.0,train
BD+58 458,2,2,0,35.8731158,58.9634972,57367.82931134259,57423.806597222225,904.8606113051012,1.0,56.0,train
BD+58 492,1,1,0,39.1846733,59.3769578,58539.911157407405,58539.911157407405,662.013952497977,1.0,0.0,train
BD+58 610,5,5,0,52.7455946,59.2443181,55935.81811921296,60569.028329277775,656.0520016517282,1.0,4633.2,test
BD+59 246,33,3,30,21.1214254,60.2897853,56139.04969907407,59171.94432870371,140.2122217420212,1.0,3032.9,train
BD+59 250,4,4,0,21.826983,60.114897,56139.09410300926,58385.979537037034,276.10350772747404,1.0,2246.9,train
BD+59 2829,64,4,60,1.701255,60.6002303,56227.77499421296,60287.19571180556,97.57525364990639,1.0,4059.4,train
BD+59 343,1,1,0,28.4513087,60.5250814,59118.077332175926,59118.077332175926,54.04250042185478,1.0,0.0,validation
BD+59 497,1,1,0,37.4567,59.8531,58563.87173611111,58563.87173611111,702.239695762929,1.0,0.0,test
BD+60 114,6,6,0,12.5634167,60.9025544,56227.83542824074,60614.886782407404,847.7622125052595,1.0,4387.1,train
BD+60 180,4,4,0,18.0464908,61.3258628,56140.01311342593,59561.95547453704,1186.9645184772507,1.0,3421.9,train
BD+60 2405,3,3,0,337.7913712,61.6095164,57576.90495949074,59069.99373263889,86.39836327828533,1.0,1493.1,train
BD+60 2584,33,3,30,353.9229246,61.1887019,58324.99693865741,59159.973807870374,80.60050562412421,1.0,835.0,train
BD+60 2600,33,3,30,355.077383,61.345492,56929.8812962963,59160.00986689815,119.93002680472037,1.0,2230.1,train
BD+60 274,1,1,0,23.90704,61.28036,59600.97497685185,59600.97497685185,964.4499557753749,1.0,0.0,validation
BD+60 307,1,1,0,25.4438033,61.3250153,59188.15621527778,59188.15621527778,465.57135226077867,1.0,0.0,train
BD+60 340,1,1,0,26.61258,61.16722,58394.88015625,58394.88015625,779.260125639719,1.0,0.0,train
BD+60 368,1,1,0,28.10961,60.8317697,59155.159450231484,59155.159450231484,440.4796630404011,1.0,0.0,train
BD+60 393,1,1,0,29.5047646,61.5745258,59158.178715277776,59158.178715277776,436.8771960401726,1.0,0.0,test
BD+61 105,4,4,0,7.8300092,62.4276106,56229.83919560185,59070.03978009259,440.228724446457,1.0,2840.2,test
BD+61 122,3,3,0,8.7513,62.4483,58041.84320023148,59457.852852944445,663.4199190084727,1.0,1416.0,train
BD+61 2292,31,1,30,335.8010675,62.6999839,58331.90684606481,59170.890856481485,98.90765696786195,1.0,839.0,train
BD+61 2355,31,1,30,343.1216242,62.6860581,58331.99748842593,59171.82775462963,117.58523095501097,1.0,839.8,train
BD+61 2380,35,5,30,344.842767,61.973044,55834.92933449074,59171.88605324074,164.41245472760033,1.0,3337.0,train
BD+61 2494,3,3,0,354.9496271,61.9283156,58324.94771990741,59424.97650891667,488.5754881936926,1.0,1100.0,test
BD+61 371,1,1,0,31.044865,62.3970303,59272.91586226852,59272.91586226852,719.6179062998785,1.0,0.0,train
BD+61 39,182,118,64,5.072649,62.463866,55101.01076388889,60195.43179398148,136.32584358984417,0.9945054945054945,5094.4,train
BD+62 1,32,2,30,1.8881263,63.0803264,56227.80409722222,59160.089091435184,67.2848280921577,1.0,2932.3,validation
BD+62 11,9,9,0,2.6955025,63.1729367,56229.70361111111,60688.88137618083,977.6815210954381,1.0,4459.2,train
BD+62 2158,33,3,30,345.5532908,62.8258467,58321.959502314814,59159.88757523148,108.83822381090069,1.0,837.9,train
BD+62 2346,66,6,60,0.352896,63.504369,56227.74597222222,60690.89890625,112.52769959752291,1.0,4463.2,test
BD+62 245,2,2,0,21.0808,62.8272,56916.987280092595,59603.868425925924,275.8927356156898,1.0,2686.9,train
BD+62 261,2,2,0,28.42,63.8,59118.952210648145,59123.91459490741,933.3640089754646,1.0,5.0,train
BD+62 271,111,11,100,23.7044792,63.6266197,55441.90194444444,60582.449907407405,92.30698266009355,0.990990990990991,5140.5,train
BD+62 285,40,13,27,24.7736571,63.4628714,55527.03732060185,59953.10580439815,47.68609146604888,1.0,4426.1,train
BD+62 287,28,4,24,25.0901025,63.1144147,55533.873998842595,58732.98721064815,48.60952846901476,1.0,3199.1,train
BD+62 300,2,2,0,26.2777813,62.8308481,56917.003800150465,59109.978859953706,67.48733998352856,1.0,2193.0,validation
BD+62 89,2,2,0,7.4551987,63.0677819,56229.81535300926,59109.91106481481,319.85183098344817,1.0,2880.1,train
BD+62 99,32,2,30,8.0551221,63.2080431,58719.89278935185,59170.99322916667,48.35036971417944,1.0,451.1,train
BD+63 124,3,3,0,15.300267,63.953969,58698.01128472222,59600.839924768516,580.714892060156,1.0,902.8,train
BD+63 261,32,2,30,29.37244505,64.04114887,57415.741585648146,59157.873402777775,108.9261500134825,1.0,1742.1,train
BD+63 48,3,3,0,6.6671233,64.4320617,56229.76156828704,59110.01927668982,870.1573812057468,1.0,2880.3,train
BD+65 1970,2,2,0,359.39208649,66.43162317,58333.92153935185,59112.86046875,228.8391172853385,1.0,778.9,validation
BD+66 64,1,1,0,12.5753748,67.17717705,60548.97247322926,60548.97247322926,190.573308972855,1.0,0.0,train
BD+69 48,5,5,0,12.845325,70.1608569,56228.70222800926,59791.10913013889,850.5763203452699,1.0,3562.4,train
BD05 4819,1,1,0,284.3042787,-5.5250097,59805.939569138885,59805.939569138885,435.99300603991935,1.0,0.0,train
BD06 1895,31,1,30,105.5569742,-6.3024339,57071.87799768519,59182.05218171296,99.14572004805784,1.0,2110.2,train
BD09 4713,1,1,0,275.967683,-9.898406,58284.95216435185,58284.95216435185,83.05060267312106,1.0,0.0,train
BD094858,3,3,0,282.7429671,-9.8273747,53939.975625,57639.85146412037,110.42453231124834,1.0,3699.9,train
BD10 2073,1,1,0,112.4954658,-11.2635219,59314.833657407406,59314.833657407406,229.14418327850748,1.0,0.0,train
BD10 2133,1,1,0,114.4074775,-10.9723458,58550.96341435185,58550.96341435185,844.2486848732233,1.0,0.0,train
BD11 2043,1,1,0,114.9260071,-12.2592725,58550.89723958333,58550.89723958333,992.1515260066491,1.0,0.0,train
BD13 1825,1,1,0,106.7426062,-13.6764403,59298.85792824074,59298.85792824074,289.2574328761666,1.0,0.0,train
BD13 2040,61,3,58,112.280075,-13.769894,56743.83052662037,60799.06997106481,91.47618204205682,1.0,4055.2,train
BD13 4933,1,1,0,274.770329,-13.805658,59813.14767805555,59813.14767805555,181.98263306233784,1.0,0.0,validation
BD13 5073,1,1,0,280.3440442,-13.8413703,59374.3172337963,59374.3172337963,537.2134037699523,1.0,0.0,train
BD14 1751,1,1,0,107.7269058,-14.3572786,59299.86107638889,59299.86107638889,263.05324176501864,1.0,0.0,validation
BD14 5047,1,1,0,276.6637446,-14.6387264,59813.10085688889,59813.10085688889,205.4775364649998,1.0,0.0,test
BD15 5090,2,2,0,281.7114317,-14.9928797,57610.865040509256,59788.30107769444,332.0404476640769,1.0,2177.4,train
BD20 2183,1,1,0,116.7463921,-21.161535,59264.88839699074,59264.88839699074,600.8484817814679,1.0,0.0,train
BD21 1449,1,1,0,96.320595,-21.3345369,56293.49979166667,56293.49979166667,177.5719643636464,1.0,0.0,train
BET CMI,1183,214,969,111.78767391,8.28931576,50140.93680555555,60960.20060177083,241.79895405952595,0.8571428571428571,10819.3,train
BET CYG B,255,60,195,292.68914764,27.9652764,52079.036944444444,60868.086414530306,164.4784901992148,0.984313725490196,8789.0,train
BET HYA,120,4,116,178.22717287,-33.90812978,54877.06273148148,60739.39591435185,420.4299313514468,1.0,5862.3,train
BET LYR,3249,413,2836,282.519978,33.362667,51057.80720551665,60937.886342592596,217.43219409847947,0.8261003385657125,9880.1,train
BET MON A,289,41,248,97.20446,-7.03306,52302.00115740741,60932.37819444444,232.34746329957554,0.8719723183391004,8630.4,validation
BET PSC,1154,95,1059,345.96922289,3.82004617,48818.041666666664,61022.763032407405,162.24552900881085,0.7590987868284229,12204.7,train
BET SCL,174,7,167,353.24274574,-37.81826583,55443.08982638889,60914.407060185185,404.41808326886735,1.0,5471.3,train
BF ORI,1,1,0,84.30525683,-6.5834934,59209.92683449074,59209.92683449074,432.46759445677696,1.0,0.0,train
BG PHE,38,10,28,12.25544505,-56.09704214,56176.55670138889,61018.578188657404,39.78712337104896,1.0,4842.0,validation
BI 156,2,2,0,80.92,-71.13,59481.37700231482,59788.37980152778,97.41722176768661,1.0,307.0,train
BK CAM,417,75,342,49.99696946,65.65229172,52128.12194444444,60997.905572083335,329.65012855833874,0.988009592326139,8869.8,train
BT CMI,169,20,149,119.26664369,2.95084532,49775.083423582175,60668.2821875,61.2236246360701,0.9881656804733728,10893.2,train
BZ CRU,597,39,558,190.70944262,-63.05862512,48284.04990561921,60741.30946875,385.79544225187504,0.9966499162479062,12457.3,train
CD22 12093,1,1,0,263.32,-22.85,59765.04947091667,59765.04947091667,98.0446903841412,1.0,0.0,train
CD30 5079,1,1,0,116.7233,-30.5536,56668.50870949074,56668.50870949074,134.67429349391455,1.0,0.0,train
CD31 5034,1,1,0,116.4788,-32.0953,56674.48447337963,56674.48447337963,86.86663856190836,1.0,0.0,train
CD32 4140,2,2,0,113.2511229,-32.5530636,56309.47525462963,56656.47009837963,209.48818885131942,1.0,347.0,train
CD32 4657,2,2,0,119.72899106,-32.55769172,56329.495358796295,56675.49524884259,361.00555819125043,1.0,346.0,train
CD44 4392,2,2,0,126.324329,-45.162756,56697.48052662037,57126.468622685185,400.96484456812107,1.0,429.0,train
CD45 4826,1,1,0,136.0272142,-45.6767736,59746.012795138886,59746.012795138886,447.829053689088,1.0,0.0,train
CD47 4412,2,2,0,132.4740471,-48.0608658,56379.49018518518,56738.48489583333,373.41715852641704,1.0,359.0,train
CD49 3441,3,3,0,123.5852571,-50.1628472,56332.47202180556,57109.446435185186,305.1870886685665,1.0,777.0,train
CD55 3338,1,1,0,155.7354417,-56.4998975,56411.497245370374,56411.497245370374,126.98279088210053,1.0,0.0,test
CD55 3417,1,1,0,157.4466392,-56.6128806,56429.5291087963,56429.5291087963,198.87573890474926,1.0,0.0,train
CD56 6163,3,3,0,240.97705,-56.554275,56146.494855324076,59813.05424152778,206.9340444221693,1.0,3666.6,train
CD60 4299,1,1,0,189.6508429,-61.2535939,59765.002231638886,59765.002231638886,198.123285754776,1.0,0.0,train
CD70 798,2,2,0,166.9880917,-70.9094436,56062.49842592593,56378.525185185186,88.83955229973486,1.0,316.0,train
CHI OPH,441,104,337,246.7559788,-18.4562511,49786.91937215856,60930.06529456018,188.43185916397465,0.9251700680272109,11143.1,train
CI CAM,69,3,66,64.92558125,55.999361388889,57690.94775462963,59183.070069444446,12.250475053117444,1.0,1492.1,train
CK CIR,174,0,174,219.88193405,-68.2033874,60037.316608796296,60936.08129050926,275.47796324300566,1.0,898.8,train
CL* NGC 2004 BBBC 451,2,2,0,82.6845,-67.2896,52967.30898208912,52971.3335078588,102.66803075936815,1.0,4.0,train
CL* NGC 2004 KWBBE 1055,2,2,0,82.6219,-67.2838,52967.30898208912,52971.3335078588,45.75296986935314,1.0,4.0,train
CL* NGC 2004 KWBBE 1108,4,4,0,82.6551,-67.1915,52967.30898208912,52971.3335078588,45.43866130034634,1.0,4.0,train
CL* NGC 2004 KWBBE 1196,2,2,0,82.712,-67.3024,52967.30898208912,52971.3335078588,32.3879774041102,1.0,4.0,validation
CL* NGC 2004 KWBBE 152,2,2,0,82.6016,-67.2487,52967.30898208912,52971.3335078588,80.49790318185079,1.0,4.0,train
CL* NGC 2004 KWBBE 203,2,2,0,82.7029,-67.2804,52967.30898208912,52971.3335078588,84.08692544993603,1.0,4.0,test
CL* NGC 2004 KWBBE 276,2,2,0,82.4973,-67.2462,52967.30898208912,52971.3335078588,91.7244145719544,1.0,4.0,test
CL* NGC 2004 KWBBE 287,2,2,0,82.5336,-67.2434,52967.30898208912,52971.3335078588,82.84075990860137,1.0,4.0,validation
CL* NGC 2004 KWBBE 344,2,2,0,82.6619,-67.2392,52967.30898208912,52971.3335078588,79.01588568148622,1.0,4.0,train
CL* NGC 2004 KWBBE 347,2,2,0,82.6662,-67.2058,52967.30898208912,52971.3335078588,83.97763295394321,1.0,4.0,train
CL* NGC 2004 KWBBE 374,2,2,0,82.6991,-67.1934,52967.30898208912,52971.3335078588,46.34871358774383,1.0,4.0,train
CL* NGC 2004 KWBBE 44,2,2,0,82.6877,-67.2406,52967.30898208912,52971.3335078588,159.31400129218042,1.0,4.0,test
CL* NGC 2004 KWBBE 579,2,2,0,82.615,-67.2167,52967.30898208912,52971.3335078588,44.27836558734464,1.0,4.0,train
CL* NGC 2004 KWBBE 622,2,2,0,82.6509,-67.2244,52967.30898208912,52971.3335078588,43.440035354147824,1.0,4.0,train
CL* NGC 2004 KWBBE 624,2,2,0,82.6543,-67.3507,52967.30898208912,52971.3335078588,45.87789702560478,1.0,4.0,train
CL* NGC 2004 KWBBE 874,2,2,0,82.4827,-67.3206,52967.30898208912,52971.3335078588,41.30573713849144,1.0,4.0,train
CL* NGC 2004 MHFBE 103914,2,2,0,81.8134,-67.2361,52967.30898208912,52971.3335078588,133.2281313773635,1.0,4.0,train
CL* NGC 2004 MHFBE 107771,2,2,0,82.1444,-67.2233,52967.30898208912,52971.3335078588,63.54588822507267,1.0,4.0,train
CL* NGC 2004 MHFBE 108272,2,2,0,82.1338,-67.2232,52967.30898208912,52971.3335078588,79.18986596135831,1.0,4.0,test
CL* NGC 2004 MHFBE 110827,2,2,0,81.8691,-67.2158,52967.30898208912,52971.3335078588,130.82263948362345,1.0,4.0,test
CL* NGC 2004 MHFBE 116297,2,2,0,82.0251,-67.1965,52967.30898208912,52971.3335078588,92.83123680500432,1.0,4.0,validation
CL* NGC 2004 MHFBE 118313,2,2,0,81.7331,-67.1909,52967.30898208912,52971.3335078588,91.21859431318668,1.0,4.0,train
CL* NGC 2004 MHFBE 118784,2,2,0,82.1148,-67.1912,52967.30898208912,52971.3335078588,173.69161470681433,1.0,4.0,train
CL* NGC 2004 MHFBE 55920,2,2,0,81.926,-67.3935,52967.30898208912,52971.3335078588,63.93290244734225,1.0,4.0,train
CL* NGC 2004 MHFBE 73013,2,2,0,82.2333,-67.3374,52967.30898208912,52971.3335078588,83.9873446253304,1.0,4.0,train
CL* NGC 2004 MHFBE 77796,2,2,0,82.3067,-67.3219,52967.30898208912,52971.3335078588,102.11113723332899,1.0,4.0,train
CL* NGC 2004 ROB B3,2,2,0,82.6649,-67.2804,52967.30898208912,52971.3335078588,79.10426615344744,1.0,4.0,test
CL* NGC 2004 ROB C5,2,2,0,82.6332,-67.2778,52967.30898208912,52971.3335078588,80.64922938336328,1.0,4.0,train
CL* NGC 663 PUM II 222,1,1,0,26.8616092,61.1455364,55424.03941550926,55424.03941550926,219.7818501507118,1.0,0.0,train
CL* NGC 663 SAN 17,1,1,0,26.64835,61.22752,55423.082280092596,55423.082280092596,92.03984369131312,1.0,0.0,test
CL* NGC 6913 SAND 151,1,1,0,306.009429,38.660581,58700.019895833335,58700.019895833335,264.14340858635103,1.0,0.0,test
CL* NGC 7235 HOAG 9,1,1,0,333.08238,57.26828,58341.94180555556,58341.94180555556,791.230061617826,1.0,0.0,validation
CL* NGC 884 LAV 2224,1,1,0,35.69588,56.96825,57071.785966435185,57071.785966435185,1389.6668437393105,1.0,0.0,train
CL* RUPRECHT 55 DE 32,1,1,0,123.0525021,-32.4708839,56686.50274305556,56686.50274305556,192.21291526959246,1.0,0.0,train
CO CIR,174,0,174,222.18562977,-66.59356169,60011.396527777775,60923.07423032408,372.3208303302107,1.0,911.7,test
CP CIR,116,0,116,222.64232904,-66.25935078,60040.332083333335,60849.29891203704,174.2694909174399,1.0,809.0,test
CPD60 1829,1,1,0,154.4674171,-61.5881,56406.53743055555,56406.53743055555,123.13736847668679,1.0,0.0,train
CPD63 2495,3,3,0,195.698583333,-63.83575,49361.81235328704,49365.69139112847,0.9824255991205237,0.0,3.9,validation
CQ UMA,352,69,283,205.08910713,57.2076046,54849.08074074074,60765.84107638889,140.7515238618022,0.9943181818181818,5916.8,test
CR CAM,100,19,81,52.16330433,62.49300075,52171.97793981482,60357.17256944445,68.22366442726039,0.98,8185.2,train
CT CAM,603,122,481,54.50431811,55.17085675,52172.00994212963,61021.76249858797,86.99994479686615,0.9933665008291874,8849.8,train
CU CIR,30,1,29,226.87532864,-60.77681524,59424.50893031829,60850.306759259256,97.83027158608904,1.0,1425.8,train
CV CIR,118,0,118,227.26380343,-61.88758552,59799.47857638889,60851.0565162037,296.63660110450803,1.0,1051.6,train
CW CEP,256,73,183,346.00926992,63.3968785,48603.23476761574,60617.79258101852,146.10089416113163,0.90625,12014.6,train
CW CIR,29,0,29,228.81739534,-58.17288167,60851.17780092593,60851.17780092593,120.93336886726192,1.0,0.0,train
CW CRU,3,3,0,193.46504,-60.38795,56454.53617476852,58586.505844907406,315.3374567145112,1.0,2132.0,test
CX DRA,3178,1566,1612,281.679533,52.98796,51343.023680555554,60983.78210648148,341.14213926893854,0.9933920704845814,9640.8,test
D LUP,160,15,145,233.971875,-44.9583888889,49461.89331900463,60929.08298032408,476.5681091982055,0.9125,11467.2,train
DE CAM,132,16,116,61.0901667,53.3290475,54873.79169560185,60710.91452546296,95.21144704181256,0.9924242424242424,5837.1,train
DEL CEN,123,7,116,182.0895825,-50.7224256,54563.920127314814,60740.28816087963,399.63924735045623,1.0,6176.4,train
DEL SCO,6965,2945,4020,240.08335535,-22.62170643,52048.05920138889,60930.05531076389,369.33230642080775,0.9720028715003589,8882.0,validation
DG CRU,89,0,89,180.88603012,-61.09829812,60079.54632523148,60819.2525,195.6732191014127,1.0,739.7,validation
DK CRU,121,3,118,183.50738283,-59.39689764,56442.55950231481,60775.39228587963,163.23028764207723,1.0,4332.8,validation
DO CRU,3,3,0,188.88530584,-64.22124368,56830.5303125,59763.08300705555,232.64523958122382,1.0,2932.6,train
DR CHA,146,1,145,160.46466531,-79.78328718,59942.466961805556,60738.3778125,373.381282093861,1.0,795.9,train
DZ TUC,1,1,0,12.6862,-73.2681,59496.21252893518,59496.21252893518,24.889975919114228,1.0,0.0,train
E CAR,262,2,260,136.40989586,-70.53849889,57837.45612268519,60791.45689236111,429.54622985159284,1.0,2954.0,train
EC 10475 2118,1,1,0,162.4992,-21.5689,58549.97788194445,58549.97788194445,390.03098364550397,1.0,0.0,train
EE CEP,19,19,0,332.3448208,55.7567178,55834.86423032407,61025.87969328704,30.210195459888805,1.0,5191.0,train
EM CEP,173,110,63,328.45043134,62.6144278,52091.993935185186,60918.89696803241,165.48496249611983,0.9884393063583815,8826.9,train
EM* AS 16,3,3,0,20.6356754,61.5495167,56916.97922453703,59775.989583333336,448.31851252472006,1.0,2859.0,test
EM* AS 2,2,2,0,3.24686681,66.32206455,56229.73370949074,59593.778020833335,515.4211488684532,1.0,3364.0,train
EM* AS 28,2,2,0,23.8153704,61.3846128,56916.99392361111,59600.89971643518,434.49434599578194,1.0,2683.9,train
EM* AS 396,2,2,0,304.3757854,38.0990167,58333.05765625,59118.91162615741,261.57639341635945,1.0,785.9,test
EM* AS 518,4,4,0,359.3836442,72.8843583,57501.948454861114,59345.035208333335,467.2934449386403,1.0,1843.1,test
EM* AS 521,5,5,0,322.2841396,54.8596906,58316.00632523148,60568.931701194444,391.1843288315438,1.0,2252.9,test
EM* AS 53,2,2,0,31.535,63.37,58539.810266203705,60538.06331597222,585.2121302650934,1.0,1998.3,test
EM* CDS 1215,2,2,0,316.2171,47.9331,56933.92716435185,58703.007199074076,309.96527831809095,1.0,1769.1,train
EM* CDS 1295,3,3,0,331.051258,53.067047,58335.01452546296,59433.0022267419,193.50906704117523,1.0,1098.0,train
EM* CDS 1367,2,2,0,338.635745,58.3302439,58702.90965278935,59103.89954861111,247.71970048633708,1.0,401.0,train
EM* CDS 1464,3,3,0,350.7396,58.7489,58703.018333350694,59593.846979166665,219.52555270284495,1.0,890.8,train
EM* CDS 477,1,1,0,78.7602208,36.6986072,59295.86670717593,59295.86670717593,362.3452176001529,1.0,0.0,test
EM* CDS 78,2,2,0,11.0538,64.4622,59048.986863425926,59080.9746875,226.84220348028123,1.0,32.0,test
EM* GGA 110,1,1,0,27.0961096,61.2647197,59597.860109953705,59597.860109953705,318.0068127973624,1.0,0.0,test
EM* GGA 163,1,1,0,35.76787,57.12744,59310.89458912037,59310.89458912037,560.5213479741259,1.0,0.0,test
EM* GGA 166,1,1,0,35.86762,57.39047,59272.82572337963,59272.82572337963,715.9561277304884,1.0,0.0,train
EM* GGA 168,1,1,0,36.32421,57.54603,58719.98357638889,58719.98357638889,217.5031608044334,1.0,0.0,train
EM* MWC 1030,3,3,0,311.604142,44.929228,58314.987204861114,59019.10368634259,116.96416332366806,1.0,704.1,train
EM* MWC 465,2,2,0,58.4927121,46.8977144,55935.84491319444,57009.787760416664,2363.3254127095397,1.0,1073.9,validation
EM* MWC 470,1,1,0,64.5238,53.6189,56229.96239583333,56229.96239583333,211.3880707672159,1.0,0.0,train
EM* MWC 473,1,1,0,69.2283,53.8761,56229.993472222224,56229.993472222224,384.8588147689652,1.0,0.0,train
EM* MWC 485,1,1,0,78.6125,32.8006,56230.02654513889,56230.02654513889,186.26352150144055,1.0,0.0,train
EM* MWC 709,2,2,0,35.4964446,70.9313889,56983.879270833335,58738.89230324074,209.3832219720791,1.0,1755.0,validation
EM* MWC 711,1,1,0,35.70058,57.20022,59297.89802662037,59297.89802662037,584.4415382656458,1.0,0.0,test
EM* MWC 715,1,1,0,37.3170612,58.5937703,59289.91595486111,59289.91595486111,569.3477495980436,1.0,0.0,train
EM* STHA 50,1,1,0,84.64354,-2.47989,59995.93271990741,59995.93271990741,320.5085922679756,1.0,0.0,train
EM* VES 195,1,1,0,304.266221,42.102094,58332.93707175926,58332.93707175926,211.7702533650646,1.0,0.0,train
EM* VES 704,1,1,0,21.0043421,58.8433622,56917.181209490744,56917.181209490744,20.092009962242923,1.0,0.0,test
EM*AS 3,1,1,0,8.9263546,68.7072969,58712.920827546295,58712.920827546295,435.13965424763694,1.0,0.0,validation
EM*AS 341,2,2,0,287.48108,-2.79369,59139.81545138889,59506.82595486111,29.967402736090303,1.0,367.0,train
EM*AS 368,2,2,0,298.1946587,28.7813431,58663.901550925926,59127.83293402778,601.0468586247589,1.0,463.9,train
EM*AS 4,1,1,0,11.1757742,63.9077822,58537.84850115741,58537.84850115741,439.0892332860717,1.0,0.0,train
EM*CDS 1054,1,1,0,288.7079,17.5975,58662.946568287036,58662.946568287036,694.6444969994487,1.0,0.0,train
EM*GGA 148,1,1,0,34.348625,59.0239483,59166.87520833333,59166.87520833333,456.5495512469394,1.0,0.0,validation
EM*GGA 50,1,1,0,22.95054,60.55914,58725.98674768519,58725.98674768519,731.483265404065,1.0,0.0,train
EM*MWC 1063,3,3,0,337.2839258,51.2250106,58702.95861689815,58743.02327546296,385.1938726373592,1.0,40.1,train
EM*MWC 433,1,1,0,29.6629433,60.6286439,58529.90552662037,58529.90552662037,216.89020907543372,1.0,0.0,train
EM*MWC 448,1,1,0,35.85417,57.31761,59209.80045717592,59209.80045717592,707.5205820493867,1.0,0.0,train
EM*MWC 466,2,2,0,61.042,52.315,55935.87299189815,59201.889010416664,309.5753635320417,1.0,3266.0,test
EM*MWC 659,2,2,0,341.9390333,57.2807728,58336.02274305555,59807.024926805556,321.9694947773065,1.0,1471.0,validation
EM*MWC 674,1,1,0,10.6104442,64.0500469,58719.98023148148,58719.98023148148,1298.2934167496626,1.0,0.0,train
EM*MWC 677,1,1,0,12.3542,63.8681,58713.00240162037,58713.00240162037,365.12395646307965,1.0,0.0,train
EM*MWC 678,3,3,0,12.4508321,60.9861236,57070.78226273148,59514.82231658333,984.7368378911215,1.0,2444.0,train
EM*MWC 800,1,1,0,94.721,21.318,58572.83509259259,58572.83509259259,549.9310435858289,1.0,0.0,train
EM*MWC300,1,1,0,277.35705216667,-6.0770251111111,58313.91046875,58313.91046875,320.3071989834486,1.0,0.0,train
EM*MWC685,1,1,0,17.9799604,59.3015697,58725.11539351852,58725.11539351852,667.1310434841854,1.0,0.0,train
EM*STHA 143,6,6,0,258.60575,31.5835,56404.924467592595,60376.087592592594,307.2641739988551,1.0,3971.2,train
EM*STHA 166,2,2,0,293.69504,42.43561,58731.85722222222,59095.89828703704,304.4370204447421,1.0,364.0,train
EM*STHA 198,33,3,30,335.2978579,77.0688872,57496.929398148146,59170.74414930555,76.24525328630915,1.0,1673.8,train
EM*STHA160,1,1,0,287.7350696,-16.8370536,59435.25636574074,59435.25636574074,279.3476501424927,1.0,0.0,validation
EM*STHA22,1,1,0,55.17683,12.94814,59519.94981481481,59519.94981481481,585.9569776093642,1.0,0.0,train
EPS APS,175,1,174,215.59651946,-80.10894591,57889.46130787037,60921.11427662037,422.5316714226918,1.0,3031.7,validation
EPS CAP,311,38,273,324.2701296,-19.4660117,52083.09641203703,60914.27771412037,411.73400252405406,0.9903536977491961,8831.2,train
EPS CAS,604,116,488,28.59885697,63.67010079,52121.16793981481,61023.90480324074,304.6174565511451,0.7748344370860927,8902.7,train
EPS PSA,214,22,192,340.163917,-27.043617,52090.131203703706,60915.34677662037,424.627846537697,0.9906542056074766,8825.2,validation
EPS TUC,154,9,145,359.9790779,-65.5771319,55450.103547453706,60914.42457175926,416.2014266931259,1.0,5464.3,train
ETA CEN,182,37,145,218.876766,-42.157824,48344.821294560184,60745.381063078705,464.49867460992175,0.8296703296703297,12400.6,test
ETA ORI,864,117,747,81.11923634,-2.39714754,49672.50332671296,60988.04020833333,411.20267683573593,0.9942129629629629,11315.5,train
ETA PSA,170,13,157,330.20927239,-28.45373998,52426.115208333336,60914.314479166664,324.86194527443297,0.9941176470588236,8488.2,train
EW LAC,657,225,432,344.26875907,48.6840694,49236.36833100695,60992.7440625,263.51181598217755,0.9756468797564688,11756.4,test
F CAR,236,4,232,131.67728868,-56.76977561,57823.48900462963,60972.34586226852,450.03377138760203,1.0,3148.9,train
FF CAM,3385,100,3285,116.7202279,81.6824381,54935.87065972222,60733.26174591435,74.53485685860808,0.9979320531757755,5797.4,train
FR CMA,215,21,194,95.35297972,-11.77323964,49349.106548599535,60929.37260416667,243.9775984216174,0.986046511627907,11580.3,train
FS CMA,1151,54,1097,97.07259139,-13.05309308,48230.2564095081,60961.25899074074,114.4487289834215,0.998262380538662,12731.0,train
FU CMA,173,7,166,105.08067979,-22.11906116,54875.91330439815,60966.26153935185,301.24637982996336,1.0,6090.3,train
FV CMA,120,11,109,106.84411253,-23.84071975,54848.96024305555,60950.36803240741,459.9486298335996,1.0,6101.4,test
FW CMA,155,23,132,111.1674479,-16.2014728,54173.89200231482,60958.33362268518,437.4362896540577,0.9935483870967742,6784.4,train
FY CMA,2953,12,2941,111.74784261,-23.08602157,53333.083268229166,60958.370283564815,93.23385904981798,0.0924483576024382,7625.3,train
FY VEL,120,4,116,128.09742225,-49.60132449,56336.49710648148,60790.18353645833,285.0036188248606,1.0,4453.7,train
GAIA DR2 2059091434344434048,1,1,0,301.22567,35.85597,58744.843431712965,58744.843431712965,213.68479679641,1.0,0.0,validation
GAM ARA,189,44,145,261.34858046,-56.37772633,49051.25071626736,60916.196851851855,423.74762823770124,0.8148148148148148,11864.9,train
GAM CAS,12635,6038,6597,14.177216,60.71674,48312.84479166667,61022.70790774305,418.9163003091966,0.7758607043925604,12709.9,train
GAM CIR,147,2,145,230.84434558,-59.32078142,56867.558171296296,60928.079780092594,354.97786979069025,1.0,4060.5,train
GP VIR,295,57,238,203.93052013,-6.15612412,49514.24762016782,60835.12452546296,77.11985946396594,0.9932203389830508,11320.9,train
GSC 02284 00889,50,0,50,11.64352,34.8287925,57645.1099317419,57648.03586458912,18.590380115260864,1.0,2.9,validation
GSC02342 00359,1,1,0,52.293,31.36653,59522.96659722222,59522.96659722222,76.76288539223586,1.0,0.0,validation
GSC03588 00834,1,1,0,315.89879,45.75153,59082.98513310185,59082.98513310185,381.8709607348294,1.0,0.0,train
GW VEL,2,2,0,132.64935,-45.549103,56356.50354745371,56755.49550925926,290.4203943244186,1.0,399.0,test
HBHA 3703 11,77,1,76,305.76506583333,39.497203055556,58316.96732638889,58739.981782407405,23.649166977072266,1.0,423.0,train
HBHA 3703 48,1,0,1,300.608,36.447,58609.030590277776,58609.030590277776,1.9776073770338178,1.0,0.0,train
HBHA 4203 02,42,2,40,308.18955416667,40.660208333333,58316.90725694445,60549.87396990741,2.6269763130829915,1.0,2233.0,train
HBHA 703 05,2,2,0,288.112233,6.628947,57574.918466435185,59772.08145233333,85.35729058296991,1.0,2197.2,validation
HBHA6207 50,2,2,0,351.3,61.63,58744.15247685185,59807.07429211111,134.59323184106012,1.0,1062.9,train
HD054464,69,4,65,107.19997,-4.057456,53011.22231481424,60658.16998263889,102.9602417674056,0.4782608695652174,7646.9,train
HD055806,69,3,66,108.66023,2.901922,53011.243715277196,60686.40637152778,181.28168573992096,0.4782608695652174,7675.2,test
HD100199,58,0,58,172.77879639,-62.94692713,60703.12664351852,60792.322459490744,118.40979657446117,1.0,89.2,train
HD101142,1,1,0,174.521284,-45.1389174,59749.057836950866,59749.057836950866,537.6650346156857,1.0,0.0,test
HD101915,145,0,145,175.78214111,-72.44553915,60040.20272569444,60782.3713599537,266.017068785846,1.0,742.2,train
HD102154,1,1,0,176.2584042,-69.3668261,56093.55174189815,56093.55174189815,135.2339062556587,1.0,0.0,train
HD102423,1,1,0,176.7785296,-59.0562792,59419.994315027776,59419.994315027776,429.1381259416445,1.0,0.0,train
HD103287,1134,234,900,178.457698,53.69476,50071.202721993286,60818.939360868055,241.28188402051984,0.6455026455026455,10747.7,train
HD103574,88,1,87,178.84026708,-63.703552,57848.54846064815,60800.31287037037,181.06853560707964,1.0,2951.8,validation
HD103872,29,0,29,179.3956458,-61.5497642,60801.32173611111,60801.32173611111,82.47225158008536,1.0,0.0,train
HD104582,1,1,0,180.6483596,-59.3370417,59641.28545138889,59641.28545138889,242.12731861287583,1.0,0.0,test
HD105027,1,1,0,181.38705345,-69.91320458,56062.526666666665,56062.526666666665,194.93836569169787,1.0,0.0,train
HD106730,29,0,29,184.1532079,-64.5165072,60784.37662037037,60784.37662037037,64.17266652454708,1.0,0.0,validation
HD106793,1,1,0,184.2488583,-56.4067261,59641.31853009259,59641.31853009259,200.3305426243348,1.0,0.0,train
HD108051,1,1,0,186.2881013,-59.6628883,59763.036871083335,59763.036871083335,312.7290353954489,1.0,0.0,train
HD109857,175,1,174,189.81073153,-75.370594,48113.47945423032,60740.39109375,256.727329072242,0.9942857142857143,12626.9,train
HD110699,1,1,0,191.1543558,-59.1600817,59761.081602833336,59761.081602833336,225.45175514189725,1.0,0.0,test
HD110863,1,1,0,191.474831,-60.551516,47969.35887453125,47969.35887453125,5.715646657727512,0.0,0.0,train
HD112028,347,47,300,192.30662225,83.41289438,48655.41613224537,60772.958594247684,211.07595009576332,0.9769452449567724,12117.5,test
HD112147,1,1,0,193.78524882,-59.01872497,59394.13923597801,59394.13923597801,801.1295446394424,1.0,0.0,train
HD112512,29,0,29,194.50344365,-59.08433587,60790.36380787037,60790.36380787037,100.06720944761955,1.0,0.0,train
HD113573,29,0,29,196.3872763,-56.8517444,60792.382997685185,60792.382997685185,94.89128479735184,1.0,0.0,train
HD114200,31,2,29,197.7195658,-70.8086258,56828.48045138889,60793.376672453705,128.74674445242664,1.0,3964.9,test
HD114424,1,1,0,197.908,-62.868,56819.49795138889,56819.49795138889,351.60682129736807,1.0,0.0,test
HD114516,29,0,29,198.0932571,-63.8122236,60799.37248842593,60799.37248842593,97.10914196921676,1.0,0.0,train
HD115532,29,0,29,199.7163554,-59.2226614,60824.307233796295,60824.307233796295,71.62085265708275,1.0,0.0,train
HD11554,29,2,27,28.8024125,57.8976183,57400.747690972225,60642.8287037037,27.937777827993834,1.0,3242.1,train
HD116875,88,1,87,202.00623287,-61.06251022,57877.50865740741,60819.316666666666,223.30226918178892,1.0,2941.8,train
HD117172,2,2,0,202.6741125,-69.6145211,56092.577285879626,56842.4654224537,569.1237443731884,1.0,749.9,train
HD118094,88,1,87,204.08742181,-63.14569457,57878.455491898145,60825.30648148148,175.2128152160924,1.0,2946.9,test
HD118325,29,0,29,204.64823016,-69.29427031,60832.227743055555,60832.227743055555,116.61818748096883,1.0,0.0,train
HD119162,1,1,0,205.8,-60.93,59813.007469944445,59813.007469944445,56.30908349313556,1.0,0.0,train
HD119423,116,0,116,206.32663716,-66.75467118,60040.25039930556,60832.2881712963,170.1151923378397,1.0,792.0,train
HD119682,398,49,349,206.6357092,-62.9233689,57878.53335648148,60848.0910474537,122.1624867508957,1.0,2969.6,train
HD119940,1,1,0,207.03824,-62.4760914,59764.082076638886,59764.082076638886,277.3726597707467,1.0,0.0,train
HD119958,2,2,0,206.9979004,-57.6951061,59641.3628125,59746.106024305554,286.1204134499506,1.0,104.7,test
HD120330,90,1,89,207.6087208,-59.7480128,57883.52397569444,60829.1671412037,128.9514075444876,1.0,2945.6,train
HD120417,29,0,29,207.80958095,-63.89000341,60846.09709490741,60846.09709490741,97.86692696991017,1.0,0.0,train
HD120526,29,0,29,208.07222636,-66.40439033,60835.1928125,60835.1928125,74.9861426904411,1.0,0.0,train
HD120766,1,1,0,208.25,-58.3,59749.098894675924,59749.098894675924,536.0493273447443,1.0,0.0,train
HD121045,2,2,0,208.9852296,-69.6165661,56062.55546875,56841.49657407407,282.4561889920692,1.0,778.9,train
HD122282,29,0,29,210.78154,-63.8367906,60835.313888888886,60835.313888888886,60.44230629092015,1.0,0.0,train
HD122669,29,0,29,211.34180965,-62.50739386,60845.290972222225,60845.290972222225,65.70636685720936,1.0,0.0,test
HD123131,58,0,58,211.98607814,-61.50894619,60442.39416087963,60846.217957175926,158.00701267219546,1.0,403.8,train
HD123207,29,0,29,212.16687229,-64.19044151,60797.41236111111,60797.41236111111,59.63074713889883,1.0,0.0,train
HD123296,29,0,29,212.18760463,-59.7170672,60846.27838541667,60846.27838541667,88.51845986867589,1.0,0.0,train
HD124489,1,1,0,214.11360921,-64.78062851,59378.0135474537,59378.0135474537,662.3670462870768,1.0,0.0,validation
HD124639,145,0,145,216.09197667,-82.84824963,60017.34822337963,60920.13162037037,176.8848047863145,1.0,902.8,train
HD124834,145,0,145,214.98905041,-73.96844059,60026.324658564816,60934.08093171296,258.65450981871663,1.0,907.8,train
HD125015,88,1,87,214.71239835,-58.68643492,57894.51878472222,60847.22691550926,283.4683602647227,1.0,2952.7,train
HD125106,1,1,0,214.8109779,-58.4429464,58244.52642361111,58244.52642361111,311.80371908818825,1.0,0.0,train
HD125159,1,1,0,215.1267625,-66.1203322,59767.13133691667,59767.13133691667,216.4079878209296,1.0,0.0,validation
HD126508,58,0,58,217.39020684,-70.2384395,60824.367760416666,60935.08123263889,68.58583002700729,1.0,110.7,train
HD126527,1,1,0,216.9852858,-55.4696864,57564.48034722222,57564.48034722222,499.4009633433918,1.0,0.0,train
HD126693,2,2,0,217.4359421,-64.1599244,59378.06410300926,59767.08479955555,345.71416287922546,1.0,389.0,validation
HD127617,435,78,357,217.99815474,18.76687227,52048.968680555554,60850.125231481485,69.59213208552052,0.993103448275862,8801.2,train
HD127756,88,1,87,218.8887546,-61.0082781,57878.56857638889,60849.177008101855,174.5774065066139,1.0,2970.6,train
HD128477,2,2,0,219.8968825,-61.9854578,59383.98509837963,59763.129218305556,302.7246572015601,1.0,379.1,test
HD12856,142,45,97,31.9725804,57.1056836,55064.11904513889,60232.44258101852,68.77564349277787,1.0,5168.3,train
HD129772,29,0,29,221.6533308,-56.4189206,60849.23815972222,60849.23815972222,67.23920024538934,1.0,0.0,train
HD129842,29,0,29,222.00307193,-65.73958659,60832.34856481481,60832.34856481481,87.31312243251995,1.0,0.0,train
HD130437,1,1,0,222.7094,-60.286201,50243.33984730903,50243.33984730903,1.3169612316318782,0.0,0.0,train
HD13051,92,12,80,32.35706557,56.9917059,55083.1003587963,60994.948518495374,83.73231813443996,0.9782608695652174,5911.8,train
HD130534,29,0,29,222.67266543,-52.26464292,60850.06465277778,60850.06465277778,88.4378518551049,1.0,0.0,test
HD130574,1,1,0,222.8304,-57.4619,59749.14501736111,59749.14501736111,393.93555170979494,1.0,0.0,train
HD130648,2,2,0,223.0878333,-63.7905889,59384.0356712963,59420.141156666665,520.386943605105,1.0,36.1,train
HD131168,119,0,119,223.34215411,-45.85575376,59760.45524884259,60850.24623842593,261.15178978666665,1.0,1089.8,validation
HD131891,59,1,58,225.28175409,-72.71908041,56445.540810185186,60940.08443287037,110.28736243603153,1.0,4494.5,train
HD13429,32,2,30,33.2521162,55.1109972,57400.79632523148,59128.11366319445,152.42403432098354,1.0,1727.3,validation
HD134401,58,0,58,228.3006575,-65.9691742,60846.33912037037,60941.08439236111,70.66916193653105,1.0,94.7,validation
HD134484,29,0,29,228.08129974,-53.65803284,60851.11728009259,60851.11728009259,147.3865563325807,1.0,0.0,train
HD135160,117,1,116,229.15288436,-60.90399396,57894.57491319445,60924.121487268516,492.31989947366253,1.0,3029.5,train
HD135344,118,0,118,228.953962,-37.148919,59800.50219328704,60853.153049768516,121.38125577036564,1.0,1052.7,train
HD135354,1,1,0,229.2878258,-57.0289039,59763.17536161111,59763.17536161111,352.7878733641769,1.0,0.0,train
HD135570,58,0,58,229.9417709,-67.19078666,60845.35178240741,60942.08436342593,81.85209912885452,1.0,96.7,validation
HD13561,91,10,81,33.5504742,56.5000653,55101.09492476852,59939.25609375,79.8784739149871,1.0,4838.2,train
HD13590,211,45,166,33.80404098,64.02445046,52144.08693287037,60947.06778935185,123.74278741214427,0.985781990521327,8803.0,train
HD136250,1,1,0,230.5063067,-55.2384369,60023.39203125,60023.39203125,334.028457175404,1.0,0.0,train
HD13669,199,17,182,33.76086464,55.79321909,52285.77841435185,60563.03926494445,68.5243998197312,0.9899497487437185,8277.3,validation
HD136860,29,0,29,231.62417983,-64.21274161,60853.21338541667,60853.21338541667,100.80514304047104,1.0,0.0,train
HD136968,29,0,29,231.4801917,-53.7710211,60851.24222222222,60851.24222222222,75.33293018683712,1.0,0.0,train
HD137380,2,2,0,232.1959733,-60.7079958,56522.44314236111,56825.55829861111,445.81135497232293,1.0,303.1,train
HD137836,29,0,29,232.6000775,-51.1100075,60854.13494212963,60854.13494212963,92.67288057481042,1.0,0.0,train
HD138477,29,0,29,233.7702163,-56.9839728,60854.19530092592,60854.19530092592,102.95931357418569,1.0,0.0,train
HD138539,29,0,29,234.1772258,-66.5475236,60853.33405671296,60853.33405671296,68.26697922470836,1.0,0.0,train
HD13867,555,16,539,34.1499813,49.819875,52162.96393518519,60628.159450231484,37.53854334187998,0.9963963963963964,8465.2,validation
HD13890,124,50,74,34.2842637,56.7697461,55064.14586226852,60277.14536458333,227.49021949253563,0.9838709677419355,5213.0,train
HD13900,31,1,30,34.3148637,56.8980122,58380.98487847222,59128.15033564815,177.7322694356169,1.0,747.2,train
HD139431,120,1,119,234.940188,-42.767419,59444.08277556759,60854.25564814815,225.35015618746326,1.0,1410.2,train
HD139491,29,0,29,235.34719217,-58.77508097,60855.19498263889,60855.19498263889,97.80013425809253,1.0,0.0,train
HD139614,30,1,29,235.1932567,-42.4982078,59444.099587954166,60855.134201388886,120.5206824029515,1.0,1411.0,train
HD139790,29,0,29,235.5825354,-49.9980525,60855.25585069445,60855.25585069445,96.26659240804825,1.0,0.0,validation
HD140114,2,2,0,236.5535533,-67.4436875,56132.51795138889,56522.45819444444,313.2440805290836,1.0,389.9,train
HD140843,30,1,29,237.1610863,-57.1039547,56446.52284722222,60855.316487268516,88.31426711542501,1.0,4408.8,train
HD140883,2,2,0,237.1732829,-54.8630931,59394.18100694445,59737.98471643519,394.706740163183,1.0,343.8,validation
HD140926,118,2,116,237.19943366,-54.39565849,59403.98661069445,60856.133651620374,175.4590590261063,1.0,1452.1,validation
HD140946,1,1,0,237.3883429,-60.1509039,59420.26953663889,59420.26953663889,325.833873243,1.0,0.0,test
HD14162,2,2,0,34.864383,57.138378,58733.111122685186,59166.9265625,284.41907369434074,1.0,433.8,validation
HD141689,1,1,0,238.4409729,-61.6639675,59384.08054398148,59384.08054398148,572.918994953134,1.0,0.0,train
HD141926,31,2,29,238.590937,-55.3291,59394.23771795718,60851.3302662037,32.36364502603397,1.0,1457.1,train
HD142349,29,0,29,239.2814921,-57.5802111,60847.35196759259,60847.35196759259,71.2195981550897,1.0,0.0,train
HD143343,2,2,0,241.0138571,-65.6701603,56133.55305555555,56152.51162037037,119.87743153385145,1.0,19.0,validation
HD143578,29,0,29,240.6592804,-35.2531633,60859.15516203704,60859.15516203704,99.74780380619312,1.0,0.0,validation
HD143700,1,1,0,241.00909377,-47.47608917,56152.49102430556,56152.49102430556,216.71526992495404,1.0,0.0,train
HD144432,55,0,55,241.7414787,-27.71938556,58295.915422453705,60859.215607638886,160.57554571328615,1.0,2563.3,train
HD144555,2,2,0,242.23063,-51.9619597,56158.53337532408,56441.497719907406,229.29649068750817,1.0,283.0,train
HD144965,118,0,118,242.54398511,-40.12883303,59802.50273148148,60859.09479166667,313.9605740724512,1.0,1056.6,train
HD144970,1,1,0,242.697605,-49.0221006,59763.98939258333,59763.98939258333,208.33208508493578,1.0,0.0,train
HD146381,58,0,58,245.0552196,-64.4979681,60825.42034143519,60932.13726851852,91.56209166990466,1.0,106.7,train
HD146444,88,1,87,244.6640783,-49.4138764,58995.49255787037,60860.14218171296,189.39106595926302,1.0,1864.6,train
HD146463,29,0,29,244.8093108,-54.9617006,60824.42123263889,60824.42123263889,116.42297508686379,1.0,0.0,validation
HD146501,87,0,87,244.76105068,-49.40635667,60058.39250578704,60860.203072916665,232.9382231998047,1.0,801.8,train
HD146531,1,1,0,244.981104,-58.167186,59394.31100115741,59394.31100115741,624.6032360625578,1.0,0.0,train
HD146596,144,0,144,244.9277796,-52.7719533,60061.393125,60860.26399305555,164.77116327280766,1.0,798.9,train
HD147196,167,41,126,245.32996393,-23.70798555,48141.554915925924,60861.10171875,181.57830626167802,0.9940119760479041,12719.5,validation
HD147274,29,0,29,245.91684,-53.0439775,60849.36025462963,60849.36025462963,72.19759742506864,1.0,0.0,train
HD147302,118,0,118,246.005308,-55.453714,59799.526354166665,60832.40895833333,194.34974795526813,1.0,1032.9,train
HD147320,89,2,87,246.94718273,-73.08666821,56070.52230902778,60928.18096064815,109.37406581519008,1.0,4857.7,test
HD147756,29,0,29,246.4424783,-45.5428386,60861.17367476852,60861.17367476852,101.62772237256243,1.0,0.0,test
HD148027,1,1,0,247.0512563,-54.6088775,56146.51756944445,56146.51756944445,92.60794858805828,1.0,0.0,test
HD148028,30,1,29,247.1126946,-56.3976133,56138.53515625,60859.34074074074,98.66181113703247,1.0,4720.8,train
HD14850,93,6,87,35.75218155,-29.61946758,56178.55159722222,60927.23859375,125.5105695579013,1.0,4748.7,train
HD148567,89,2,87,247.761929,-46.479336,49840.364246822915,60861.29875,196.31265281538518,0.9887640449438202,11020.9,train
HD148692,29,0,29,248.07317973,-50.54192912,60860.32984953704,60860.32984953704,86.5884809632371,1.0,0.0,train
HD148877,29,0,29,248.4133475,-51.2626625,60863.086747685185,60863.086747685185,128.70866295555257,1.0,0.0,test
HD149610,29,0,29,249.5458354,-48.2198689,60863.14769097222,60863.14769097222,78.67732054101512,1.0,0.0,test
HD149671,147,2,145,250.34628126,-68.29612162,56124.463663194445,60914.21615162037,427.70925485287626,1.0,4789.8,train
HD150230,2,2,0,250.469579,-47.380525,56447.52238425926,56874.50122106481,422.7694294792805,1.0,427.0,train
HD150288,31,2,29,250.5685742,-47.0156472,56500.528732638886,60864.14526041667,112.18913840869241,1.0,4363.6,train
HD150336,58,0,58,251.27816235,-65.87347514,60846.39945023148,60933.14328703703,62.72642976264105,1.0,86.7,train
HD150422,2,2,0,250.7810567,-46.5065328,56500.54232060185,57238.49335648148,497.5128954620851,1.0,738.0,train
HD150533,1,1,0,250.9261687,-45.4625947,56519.45626157407,56519.45626157407,460.5512557248371,1.0,0.0,validation
HD150930,87,0,87,251.83665,-57.0350294,60609.04072337963,60935.142355324075,67.13631974702217,1.0,326.1,test
HD151113,87,0,87,251.87642102,-45.46052552,60355.36673032407,60864.20559027778,204.29112028110472,1.0,508.8,train
HD151743,1,1,0,253.0140225,-53.8293931,59404.07726273148,59404.07726273148,379.1493026116663,1.0,0.0,validation
HD152505,29,0,29,254.03987,-49.0332583,60863.32979166666,60863.32979166666,55.290711653026044,1.0,0.0,test
HD152541,89,2,87,254.0604203,-46.84941473,56532.47433449074,60864.26597800926,209.87692452327747,1.0,4331.8,train
HD153199,30,1,29,254.9871925,-43.2207706,56923.43358217592,60865.21409722222,149.60453991210932,1.0,3941.8,train
HD153222,60,2,58,255.1195296,-49.2541428,56173.515868055554,60936.14255787037,76.30537800540327,1.0,4762.6,train
HD153262,119,3,116,255.47529774,-59.04758912,49982.6126375463,60940.14554976852,161.50634877532505,0.9915966386554622,10957.5,train
HD153295,3,3,0,255.1051933,-42.3167478,56172.53623842593,56531.538935185185,185.34055735392533,1.0,359.0,validation
HD153879,61,3,58,256.183454,-51.408328,49898.80875788773,60858.36170138889,25.582931433158947,0.9836065573770492,10959.6,train
HD153977,1,1,0,255.9313313,-24.835445,56402.10285300926,56402.10285300926,344.9363881982227,1.0,0.0,train
HD154111,31,2,29,256.5627371,-52.4822003,56202.44865740741,60866.3332349537,105.96133338169008,1.0,4663.9,test
HD154154,31,2,29,256.5296367,-48.4186736,56207.435162037036,60865.334814814814,77.0915343790024,1.0,4657.9,validation
HD154170,2,2,0,256.5435596,-47.4196247,56207.42256944445,56510.52155092593,393.67300841985787,1.0,303.1,train
HD154188,3,3,0,256.1335529,-16.5410547,56402.12425925926,59738.163506944446,385.71805468819196,1.0,3336.0,test
HD154218,90,3,87,256.4289921,-36.7405269,49840.423805266204,60866.21225694445,202.35085609661087,0.9777777777777777,11025.8,train
HD154243,29,0,29,256.4701846,-36.5881869,60866.27263310185,60866.27263310185,115.86225675498663,1.0,0.0,train
HD154314,1,1,0,256.7279296,-44.7336686,56185.49653935185,56185.49653935185,210.39940954508643,1.0,0.0,train
HD15450,4,4,0,37.8314021,56.8978275,55182.864149305555,58726.139085648145,262.1071474081289,0.75,3543.3,train
HD154538,31,2,29,257.131558,-49.467831,56192.48178929398,60872.138697916664,43.61951685896637,1.0,4679.7,train
HD154911,1,1,0,257.5271362,-38.6240736,59401.189363425925,59401.189363425925,620.3936389288059,1.0,0.0,train
HD155349,1,1,0,258.0965883,-32.1466772,59444.05395150729,59444.05395150729,274.36862140605257,1.0,0.0,train
HD155352,30,1,29,258.2516367,-42.6334481,56182.499444444446,60867.23744791667,160.5858671978549,1.0,4684.7,validation
HD155436,1,1,0,258.4323463,-44.7292264,56179.49679398148,56179.49679398148,398.71873431569685,1.0,0.0,validation
HD155438,89,2,87,258.63885141,-54.37014815,56179.515601851854,60941.14543402778,95.55674885082573,1.0,4761.6,train
HD155851,30,1,29,258.8907108,-32.6897378,59444.02333402778,60867.297800925924,134.878449598136,1.0,1423.3,train
HD156008,2,2,0,259.3778271,-47.739605,56181.492164351854,56514.502471064814,328.41499774767084,1.0,333.0,train
HD156172,31,2,29,259.4987312,-42.0606183,56176.53121527778,60868.17474537037,146.77455000560664,1.0,4691.6,train
HD156398,120,2,118,259.85262769,-44.22302831,56130.48029513889,60869.20153356482,355.9602748252854,1.0,4738.7,test
HD156409,29,0,29,259.8201678,-39.80698366,60868.23509837963,60868.23509837963,86.41076079092664,1.0,0.0,train
HD156702,29,0,29,260.2108854,-38.6524242,60869.32234375,60869.32234375,94.16848053925355,1.0,0.0,train
HD156831,56,6,50,260.1774383,-24.2712914,55338.9770775463,60869.261961805554,42.90031830408088,1.0,5530.3,train
HD157099,31,2,29,260.8065292,-42.8292258,56174.546306805554,60870.140914351854,90.80914977086731,1.0,4695.6,test
HD157273,90,3,87,261.6591033,-63.8149989,56174.50270833333,60921.22620370371,44.16795873794669,1.0,4746.7,validation
HD158319,63,11,52,262.3267921,-16.5908239,55321.07287037037,60870.20138310185,37.818730513992776,1.0,5549.1,train
HD159489,61,3,58,264.307658,-45.157397,56167.527407407404,60865.14445601852,159.8919747026205,1.0,4697.6,train
HD15963,69,15,54,39.0511825,58.0755675,52162.992939814816,59970.27583912037,171.36008080002574,0.9565217391304348,7807.3,train
HD160546,1,1,0,265.3713371,-22.6241892,59765.09661152778,59765.09661152778,186.82939655294507,1.0,0.0,test
HD160648,120,4,116,265.85116989,-46.5879478,56167.51361111111,60929.18769675926,184.99878389478363,1.0,4761.7,train
HD161004,29,0,29,266.0589817,-27.4578592,60872.26068865741,60872.26068865741,84.48680453625158,1.0,0.0,train
HD161306,123,17,106,266.28210228,-9.81512236,55025.9718287037,60874.239756944444,111.03485236217982,1.0,5848.3,train
HD161705,59,1,58,267.2536104,-41.7135017,56165.51123263889,60873.317378472224,89.6893753672104,1.0,4707.8,train
HD161774,29,0,29,267.21394939,-33.86252069,60872.321701388886,60872.321701388886,70.2206151998696,1.0,0.0,train
HD161807,151,1,150,267.35313695,-38.98377996,56130.545069444444,60900.59594907407,251.81504585139436,1.0,4770.1,test
HD162352,29,0,29,268.0774708,-37.7505406,60875.30049768519,60875.30049768519,127.75574519235367,1.0,0.0,test
HD162428,591,43,548,267.50514475,24.46807415,52071.9909375,60867.905370437315,79.37231123338128,0.9864636209813875,8795.9,train
HD162568,59,1,58,268.4149829,-42.8975136,56152.54069444445,60867.358269675926,141.4063077327471,1.0,4714.8,train
HD16264,2,2,0,39.7068033,57.5913064,55855.98853009259,57367.89289930555,473.8023867292416,1.0,1511.9,train
HD162717,2,2,0,268.3581925,-24.2654281,55777.897598379626,58617.02631944444,880.5515602411803,1.0,2839.1,train
HD163007,153,8,145,269.05577191,-46.70213634,56145.51896990741,60966.094589120374,219.08591316361156,1.0,4820.6,validation
HD163296,335,58,277,269.08870013,-21.956075,56094.03634837963,60907.52082175926,236.0881969323516,1.0,4813.5,validation
HD163435,1,1,0,269.5187092,-41.5294647,56143.56469907407,56143.56469907407,131.08786020465988,1.0,0.0,train
HD163453,2,2,0,269.3576162,-28.2551164,59795.339583333334,59801.53109953704,337.34601258138423,1.0,6.2,train
HD163454,30,1,29,269.3832033,-31.0150569,56571.49441550926,60877.256516203706,63.55000705237984,1.0,4305.8,train
HD163848,36,7,29,269.7652879,-20.0623789,55027.87501157408,60880.24092592593,110.77530948265141,1.0,5852.4,validation
HD164050,122,3,119,270.29713806,-40.33552051,56137.55032407407,60881.240931712964,155.84944270834737,1.0,4743.7,train
HD164492D,4,4,0,270.59637563,-23.03331838,56141.8930787037,60878.94205537037,170.4444267329819,1.0,4737.0,train
HD164703,1,1,0,270.851495,-22.3089464,58617.05701388889,58617.05701388889,1380.4110572018253,1.0,0.0,validation
HD164906,107,7,100,271.107658,-24.385653,54665.99266203704,60873.13588541667,148.4484124615335,1.0,6207.1,train
HD164947,33,4,29,271.17375,-24.348333,48168.28355219329,60896.234930555554,60.76814868877525,0.9696969696969697,12728.0,train
HD165063,123,4,119,271.43570706,-36.57947265,49857.5624284375,60881.30653356481,156.30268815166482,0.983739837398374,11023.7,train
HD165285,62,3,59,271.4951379,-19.9538514,55029.914322916666,60899.20980324074,87.65168187477892,1.0,5869.3,validation
HD165365,31,0,31,271.69080016,-28.36382452,60906.53663773148,60906.53663773148,184.03908241764896,1.0,0.0,train
HD165783,63,4,59,272.1128792,-19.8688772,55031.87057291667,60901.21390625,122.65683323183401,1.0,5869.3,train
HD165854,33,4,29,272.2038929,-18.9762325,55035.89215277778,60904.21229166666,84.48649914425084,1.0,5868.3,train
HD166188,61,2,59,272.57634,-18.1948081,55761.9023900463,60912.208640046294,89.50365401650151,1.0,5150.3,validation
HD166256,67,10,57,272.31300881,13.48508545,55757.9,60913.1518287037,78.34441707272471,0.9701492537313433,5155.3,train
HD166345,31,2,29,272.9096887,-32.4041961,56576.46771990741,60899.26390046296,66.6073885976511,1.0,4322.8,train
HD166524,2,2,0,272.94496458,-18.38120646,58616.08318865741,59765.20790688889,796.1995998217559,1.0,1149.1,test
HD166566,95,6,89,272.9621367,-15.6798633,55036.91504629629,60492.2927025463,204.72968640336757,1.0,5455.4,train
HD166666,2,2,0,273.0768442,-15.5675281,58616.049866898145,59141.79079861111,1249.0072285603035,1.0,525.7,test
HD166917,221,16,205,273.16815359,2.81280955,52392.31710648148,60897.89665509259,89.06245622543781,0.5294117647058824,8505.6,train
HD167375,36,6,30,273.9384558,-18.9533625,55039.87197337963,59095.20226851852,173.03575461519046,1.0,4055.3,validation
HD168135,91,7,84,274.7112367,-12.4540133,55039.907997685186,60491.320231481484,174.52647072533816,0.989010989010989,5451.4,test
HD168331,2,2,0,275.0415237,-24.9436297,56508.93239583333,58618.03423611111,762.6895752462103,1.0,2109.1,train
HD168957,449,41,408,275.36570639,25.05677798,52078.911944444444,60903.931633900465,86.67929396202162,0.9821826280623608,8825.0,train
HD169033,263,19,244,275.80067718,-12.01475191,52048.108935185184,60930.139965277776,432.2919778369604,0.9885931558935361,8882.0,train
HD169142,30,1,29,276.1240779,-29.7803808,56131.96164930556,60608.065567129626,141.49194567728446,1.0,4476.1,train
HD169805,63,5,58,276.800019,-18.953721,55043.87336226852,60542.116527777776,48.85700190632948,1.0,5498.2,test
HD169999,9,9,0,277.5271729,-52.2045719,56142.557546296295,59759.384438657406,262.1891703705723,1.0,3616.8,train
HD170009,187,9,178,276.757476,7.732721,51702.9913992875,60492.170335648145,147.44290846299887,0.6417112299465241,8789.2,validation
HD170235,129,8,121,277.34160933,-25.25660449,52048.13693287037,60907.47232060185,274.5696204574037,0.9767441860465116,8859.3,validation
HD170835,31,2,29,278.0684921,-19.2171778,55782.857447916664,58292.02040509259,24.277347627147744,1.0,2509.2,validation
HD171219,147,53,94,278.32431524,5.44553806,52078.98793981481,60937.80359953704,156.09110234525485,0.7142857142857143,8858.8,test
HD171469,1,1,0,278.9254033,-15.7228133,59096.81576851852,59096.81576851852,1415.773145232167,1.0,0.0,test
HD171754,8,8,0,279.307051,-19.404988,55057.88572337963,58400.47313657407,46.1475879029569,1.0,3342.6,validation
HD171757,30,1,29,279.4170412,-27.98559,59086.83250578704,60967.09484953704,68.53528140664984,1.0,1880.3,train
HD171780,890,102,788,278.80627165,34.45802211,52072.01693287037,60943.856012731485,110.94495771710143,0.9921348314606742,8871.8,train
HD172122,2,2,0,279.8006042,-20.3357056,56539.82814236111,57881.15794560185,744.8151836691053,1.0,1341.3,test
HD172158,122,3,119,279.87598006,-21.96555744,55060.85056712963,60618.03894675926,110.87816156746146,1.0,5557.2,train
HD172694,7,7,0,280.5690375,-15.8557792,55060.89257523148,60130.37869212963,139.77461613460756,1.0,5069.5,train
HD173371,131,18,113,281.23297448,-0.37343536,52080.03393518519,60997.743472222224,125.1626251380419,0.6870229007633588,8917.7,validation
HD173530,11,11,0,281.4287942,4.5785981,53923.95087962963,60193.21710069444,107.01215459727841,0.9090909090909091,6269.3,test
HD173637,1,1,0,281.65866306,-7.93197726,53939.930613425924,53939.930613425924,13.544074162688169,1.0,0.0,train
HD173817,57,6,51,281.80990258,2.60186305,56203.834347916665,60161.931729780095,67.25307614569824,1.0,3958.1,test
HD174105,212,27,185,282.094378,15.39413507,52080.924942129626,60866.93699652778,61.98391376561331,0.9811320754716981,8786.0,test
HD174179,308,31,277,281.98905692,31.75683482,52080.8959375,60867.92561921296,114.79254379130057,0.9935064935064936,8787.0,test
HD174512,140,5,135,282.78324542,-6.27917522,52095.24118055555,60500.366215277776,59.624519225892044,0.25,8405.1,validation
HD174513,4,4,0,282.7906133,-7.79882155,53934.04715277778,58759.86969907407,81.65826061767672,1.0,4825.8,test
HD174571,37,7,30,282.69656507,8.70280414,53934.13240740741,59118.86041087963,170.50723621121907,1.0,5184.7,train
HD174705,7,7,0,283.068885,-11.6326014,53936.89387731482,58769.80943865741,71.98831513521321,0.8571428571428571,4832.9,test
HD174775,60,2,58,283.2394254,-19.6683761,56555.81053819445,60901.26799768519,83.3371615562454,1.0,4345.5,train
HD174886,125,8,117,283.31030778,-10.22013097,55063.82532986111,60533.260850694445,175.628629057015,1.0,5469.4,validation
HD17505,271,47,224,42.78322975,60.41774223,53323.976442495834,60990.991319444445,102.81220380927812,0.5055350553505535,7667.0,train
HD175511,210,61,149,283.00919379,59.66703556,52079.953935185185,60867.99704168443,105.55299869145833,0.9809523809523809,8788.0,train
HD175863,512,199,313,283.4362367,60.01787008,52079.91893518518,60997.75657986111,183.32959160865664,0.984375,8917.8,train
HD176386,149,4,145,285.41221668,-36.89071154,57303.42626157407,60932.198559027776,183.0627176056897,1.0,3628.8,train
HD176630,256,41,215,285.36380093,-6.19259151,52096.17519675926,60498.05517939815,105.98627901432337,0.58203125,8401.9,train
HD177015,177,6,171,285.88803609,-20.12859261,52072.04767361111,60930.20277777778,171.57840239795513,0.9830508474576272,8858.2,train
HD177427,159,2,157,286.44543054,-29.08112422,54667.998564814814,60931.2028587963,181.6687997525142,1.0,6263.2,train
HD177648,378,57,321,286.16043394,23.32928185,52080.96167824074,60848.00740631466,133.9574925928509,0.9920634920634921,8767.0,test
HD178920,1,1,0,287.67287887,-5.71615389,60556.83013966697,60556.83013966697,114.35144436418535,1.0,0.0,train
HD179218,137,16,121,287.79689298,15.78767743,56131.00999421296,60498.238674768516,57.64502901383299,0.9927007299270073,4367.2,test
HD179253,9,9,0,288.4341167,-42.4133831,56142.532164351855,59809.19950277778,326.05941674217695,1.0,3666.7,validation
HD179343,149,30,119,288.01365521,2.62258988,52081.00167824074,60911.90187612268,105.80175804933685,0.7248322147651006,8830.9,train
HD181231,19,19,0,289.92653921,-0.04985774,53886.945,60153.8465625,16.486019606860587,1.0,6266.9,validation
HD181308,7,7,0,290.0214742,-1.5963631,53938.993622685186,60154.852997685186,102.45172549789358,1.0,6215.9,train
HD181367,4,4,0,290.0164779,2.3309969,53939.038622685184,59763.35728261111,160.75610788239678,1.0,5824.3,train
HD181409,216,23,193,289.76558799,33.38881147,54639.05,60847.96216424432,84.38904041907844,1.0,6208.9,train
HD181709,27,6,21,290.32618556,5.42270361,53939.08862268519,60134.378038194445,18.54641058953662,1.0,6195.3,train
HD181803,4,4,0,290.39465908,8.87294222,53934.16641203704,60156.953099074075,216.01025503941779,1.0,6222.8,train
HD182550,1,1,0,290.9042561,38.99345704,60476.45086226852,60476.45086226852,62.32444708362469,1.0,0.0,train
HD183035,1,1,0,291.7503388,16.53804829,60543.993566570476,60543.993566570476,456.67489316249913,1.0,0.0,test
HD183339,174,51,123,291.44485732,58.02732219,54639.92099537037,60868.046488407395,129.62226587138866,0.9942528735632183,6228.1,validation
HD184767,97,20,77,294.00414501,0.2496562,52462.2033912037,60899.91337303241,129.37981704537293,0.6288659793814433,8437.7,train
HD18552,826,48,778,45.0495575,38.1317403,49971.37701232639,60965.9296875,103.14267482962035,0.9927360774818402,10994.6,validation
HD186456,11,11,0,296.0660604,7.5882217,55007.03530092593,60203.21617476852,91.44347378062773,0.8181818181818182,5196.2,train
HD186485,1,1,0,295.70802692,42.65009515,60538.00538438121,60538.00538438121,267.88052729951556,1.0,0.0,test
HD187350,128,11,117,297.38939159,-1.10103492,49866.6703225463,60945.161203703705,119.65630339252023,0.9921875,11078.5,test
HD18877,102,13,89,46.2260908,60.0257219,52171.94740740741,60750.87200394676,134.04052441743895,0.9803921568627451,8578.9,test
HD189689,87,20,67,300.02940541,32.789676,54741.86105324074,60893.9629284375,39.39255572505367,0.9885057471264368,6152.1,validation
HD189847,5,5,0,300.24476167,31.23046224,60295.852355324074,60853.98222222222,92.34908751800876,1.0,558.1,test
HD190150,91,12,79,300.69345292,21.8544247,52081.98167824074,60145.377679398145,169.69389602880392,0.9560439560439561,8063.4,train
HD190864,176,12,164,301.4158429,35.6077742,52133.96986309577,60253.08874421296,95.64732991198477,0.6136363636363636,8119.1,train
HD190944,84,9,75,301.3569287,46.6718175,55087.86730902778,60164.38490162037,83.28021676699615,0.9880952380952381,5076.5,train
HD191378,62,9,53,302.0350783,37.0070539,56416.03686342593,60250.100248842595,86.47093723537766,0.9838709677419355,3834.1,train
HD192445,591,29,562,303.38745898,36.32838182,52082.02866898148,60519.01286949346,71.30427536059133,0.9915397631133672,8437.0,validation
HD193182,259,68,191,304.35490363,39.59353978,52082.07467592593,60837.96518518519,110.27870124950078,0.9884169884169884,8755.9,train
HD193516,11,11,0,304.7812575,37.7693969,56171.98563763889,60586.205422453706,126.00735306978318,0.9090909090909091,4414.2,train
HD194057,752,17,735,305.41801651,44.81423474,54651.95700231481,60818.10298746398,78.37513794622666,1.0,6166.1,train
HD194244,335,27,308,306.15624358,1.06840534,51532.74094637089,60920.23659143518,143.0883777713498,0.8,9387.5,train
HD194779,502,87,415,306.47948876,41.33659022,55360.06247106481,60899.94139619213,85.6583604448411,0.9960159362549801,5539.9,train
HD195407,119,19,100,307.44901541,36.98038083,52082.98767361111,60912.91181236111,82.19298413916697,0.9663865546218487,8829.9,train
HD195554,117,43,74,307.36296197,56.06818924,52082.93467592593,60930.94589929398,174.85581524732643,0.9829059829059829,8848.0,train
HD196712,245,33,212,309.80521151,-2.41297345,52084.06847222222,60919.26695023148,235.1859314141625,0.9836734693877551,8835.2,train
HD197038,66,9,57,310.0769483,25.7891344,55428.960364583334,60172.37192708333,124.6950376590209,0.9848484848484849,4743.4,train
HD197434,146,37,109,310.3550062,54.2094236,55108.879641203705,60251.09472800926,98.83157183141381,0.9931506849315068,5142.2,test
HD19818,38,10,28,47.1086869,-59.37371774,56179.55361689815,60986.63757523148,78.42457720046673,1.0,4807.1,test
HD198512,60,37,23,312.1365562,53.9061014,55151.83950231481,60590.219635416666,217.16889353194063,1.0,5438.4,train
HD198931,27,11,16,313.0404937,44.4346125,52084.957407407404,60538.93347222222,26.42011725721615,0.8888888888888888,8454.0,train
HD199218,165,28,137,313.5927221,40.7029594,52084.924409722225,60996.85570601852,85.04858232362268,0.9818181818181818,8911.9,train
HD19993,69,16,53,48.50566611,37.67390046,54854.78942129629,60278.13725115741,138.10949757676792,0.9710144927536232,5423.3,test
HD20017,70,26,44,48.7304625,48.6957968,52171.911944444444,60914.046573680556,61.29267465805109,0.9428571428571428,8742.1,train
HD200775,689,41,648,315.40383185,68.16326775,49146.48496822338,60961.78774309028,63.519955317271815,0.10449927431059507,11815.3,train
HD201036,1,1,0,316.57862553,28.41326592,60549.91259013928,60549.91259013928,284.60695117143706,1.0,0.0,train
HD20134,296,49,247,49.24896864,60.06749072,52252.90641203704,60979.808333333334,66.22827961221128,0.9763513513513513,8726.9,train
HD201522,83,16,67,317.1234596,47.25704762,52088.93288194444,60497.44773726852,80.21013430316745,0.9879518072289156,8408.5,train
HD201836,118,23,95,317.62898501,47.69222711,54785.86472222222,60912.83373263889,145.91829324456876,1.0,6127.0,train
HD203024,38,8,30,319.0126037,68.9144811,56151.006197916664,60211.26669560185,152.56195275383766,1.0,4060.3,test
HD203356,99,12,87,319.9372587,53.9514958,52089.04414351852,60602.20419560185,97.60433330669072,0.9595959595959596,8513.2,validation
HD203374,122,28,94,319.78066277,61.85845281,52089.01688657407,60821.13137371528,140.4696467500567,0.9754098360655737,8732.1,test
HD20340,209,15,194,48.94110669,-16.82874707,49651.486248657406,60924.24701388889,123.81601332083501,0.9856459330143541,11272.8,test
HD203467,934,205,729,319.842584,64.871855,48026.11323791667,60897.94644675926,182.79571355637592,0.42184154175588867,12871.8,train
HD204185,39,39,0,321.08016431,61.27136811,55504.86482638889,60204.27984953704,132.6740499066399,0.9743589743589743,4699.4,train
HD205060,181,19,162,322.90378907,42.70075539,52089.982407407406,60963.80850605324,72.90673255915256,0.9834254143646409,8873.8,train
HD205551,136,41,95,323.61442862,51.69846439,52090.009409722225,60912.87747685185,161.77066625934845,0.9779411764705882,8822.9,train
HD20566,170,17,153,50.8879172,71.41854501,56245.809863194445,60692.16234375,58.07599703571765,1.0,4446.4,train
HD206773,1264,511,753,325.60076978,57.73605472,51368.04541666667,61010.899375,161.27697011286585,0.9723101265822784,9642.9,train
HD207232,196,21,175,326.51178129,50.67415179,52455.96019675926,60912.96013291667,71.23411728354931,0.9948979591836735,8457.0,train
HD208220,29,6,23,328.4316446,43.4828275,55834.821938657406,58745.094456018516,47.48221079421557,0.9655172413793104,2910.3,train
HD208682,136,47,89,328.87916566,65.3208095,49349.25977295139,60946.901429398145,173.56938196490955,0.9779411764705882,11597.6,train
HD20899,95,13,82,50.9859644,45.52559921,54858.767459490744,60990.84359984954,137.69436075061608,1.0,6132.1,train
HD212666,62,11,51,336.2206354,52.1328717,55102.95730324074,60936.82828984954,119.62672589955702,0.967741935483871,5833.9,train
HD213088,87,10,77,336.9569608,52.9687275,55085.96609375,60909.997836296294,31.586852552595584,0.9770114942528736,5824.0,train
HD213129,68,10,58,337.09388915,47.44980995,55066.94024884259,60556.23202883102,81.13398224713004,0.9852941176470589,5489.3,train
HD21362,373,43,330,52.21802885,49.84838162,52135.16494212963,60965.98789351852,147.63499793436614,0.9946380697050938,8830.8,train
HD21455,396,34,362,52.3595155,46.93786711,52147.1809375,60980.86556709491,130.17460629630312,0.9949494949494949,8833.7,test
HD215227,109,35,74,340.73876228,44.72173681,52133.99694444444,60987.82695045139,114.49563164239818,0.981651376146789,8853.8,train
HD215605,35,5,30,341.3267988,57.8518003,55745.10835648148,60913.00799056713,126.6426678103369,1.0,5167.9,train
HD215837,1,1,0,341.74947563,53.75670992,60543.085802750684,60543.085802750684,307.832851214527,1.0,0.0,train
HD216044,41,11,30,342.1803234,55.12604457,54764.87216435185,60582.30808449074,177.82396652338386,1.0,5817.4,train
HD216057,146,31,115,342.1995721,54.4148919,52122.0112037037,60963.85468545139,137.10214126334012,0.9863013698630136,8841.8,test
HD216113,33,5,28,342.6325567,-32.4274244,56181.54161220486,60986.51911458333,70.37922990450238,1.0,4805.0,train
HD21620,242,30,212,52.8722479,49.2097706,52147.1259375,60966.10695023148,145.10349441173634,0.987603305785124,8819.0,train
HD21641,130,27,103,52.88806678,47.8624159,52163.07494212963,60617.904878472225,85.53934245663902,0.9923076923076923,8454.8,validation
HD21650,249,21,228,52.81533153,41.72645623,54744.01571180556,60686.173946759256,69.79155787373291,1.0,5942.2,train
HD216629,275,7,268,343.315019,62.145829,49591.933466433395,59094.92153935185,68.54156032544552,0.025454545454545455,9503.0,train
HD217061,117,39,78,344.17730458,62.62487647,55066.99279513889,60978.79880409722,101.57976935109785,0.9829059829059829,5911.8,train
HD219523,2,2,0,348.86879513,64.26671459,60541.0099833115,60896.01774967593,661.835169936648,1.0,355.0,train
HD222185,2,2,0,354.51424841,55.9450053,60505.96775462963,60936.88143221065,276.43972629060664,1.0,430.9,test
HD223044,93,11,82,356.501757,61.991021,55066.087488425925,60254.21319444444,142.3700026395409,0.989247311827957,5188.1,train
HD223387,211,9,202,357.2276542,57.2095961,55100.96927662037,60255.19458333333,47.72900362531673,1.0,5154.2,validation
HD223924,3,3,0,358.40225428,56.81990282,60270.152841435185,60997.817115590275,77.40140484898026,1.0,727.7,train
HD224544,435,63,372,359.70514851,32.38170574,52128.080416666664,60988.88699074074,136.443118539156,0.8413793103448276,8860.8,train
HD224599,53,2,51,359.812425,60.022479,55834.96710069444,59451.961776620374,54.03426574487631,1.0,3617.0,train
HD224905,91,17,74,0.4109621,60.4499214,55083.05763310185,60669.92527608796,85.84368882146649,1.0,5586.9,train
HD225095,356,132,224,0.86311388,55.55089821,55083.01963541667,60997.7624859375,151.49193209123393,0.9971910112359551,5914.7,train
HD225985,8,8,0,297.38714,32.9561933,56403.1428125,59105.905185185184,915.6703342306694,1.0,2702.8,train
HD227611,36,8,28,301.438115,35.9008306,52081.96293981482,58935.162690972225,49.795104433303706,0.8888888888888888,6853.2,train
HD22780,550,124,426,55.28273945,37.58019741,52135.147881944446,61022.021915509256,140.12248829668223,0.990909090909091,8886.9,train
HD228041,33,7,26,302.4934125,35.4960511,56416.063784722224,59510.787547,75.91946037375085,1.0,3094.7,train
HD228104,6,6,0,302.6601817,35.8744508,56470.03964122685,59510.83464841667,1736.2367004710582,0.8333333333333334,3040.8,train
HD228256,4,4,0,302.9765333,40.0082292,55792.97734375,58990.0821875,631.3001145214614,1.0,3197.1,train
HD228438,52,8,44,303.4595154,36.6229258,55085.89962962963,60160.35772569444,108.84812496192204,0.9807692307692307,5074.5,train
HD228535,34,4,30,303.730565,36.8535642,55792.040243055555,59170.803506944445,96.60367024372701,1.0,3378.8,test
HD228658,33,3,30,304.03564896,37.55640426,55792.06471643518,59170.86167824074,83.9759468718331,1.0,3378.8,train
HD228860,32,2,30,304.714795,36.9613722,56916.80384259259,59171.73981481481,114.84086226558291,1.0,2254.9,test
HD229171,3,3,0,305.7619867,38.4557908,55836.82402777778,59111.94883680555,753.212820477116,1.0,3275.1,test
HD230579,55,3,52,286.03342,11.1068581,53939.15814814815,58987.064780092594,100.07125515782586,1.0,5047.9,train
HD232552,171,26,145,28.10871511,55.33159515,52144.03393518519,60625.17726273148,101.65956087515623,0.9824561403508771,8481.1,train
HD232588,30,3,27,30.939467,55.10245,55067.067945601855,59597.913072916665,23.665641805475232,1.0,4530.8,train
HD232590,113,12,101,30.9537088,55.1206956,55066.160920138886,60658.84279314815,70.9764629689462,0.9911504424778761,5592.7,train
HD232940,1,1,0,65.50357357,54.51204773,60712.90361111111,60712.90361111111,54.13830574998518,1.0,0.0,train
HD235350,2,2,0,311.29416488,51.21055358,60939.82439814815,60959.79827121528,740.285841710936,1.0,20.0,validation
HD23552,164,28,136,57.07531252,50.73676824,54394.06,61024.06335069444,123.30096329740228,0.9939024390243902,6630.0,train
HD235668,87,38,49,329.18762879,51.57604107,55102.90546875,60965.924299224534,80.79592165789704,0.9885057471264368,5863.0,train
HD235795,3,3,0,334.78164713,52.12032036,55834.902841435185,58744.8895950463,793.1656056188841,1.0,2910.0,train
HD236689,32,2,30,19.6378129,58.3751389,55935.76150462963,59131.95566550926,110.83699232774566,1.0,3196.2,test
HD236935,28,2,26,31.0291896,58.4839147,57415.78383101852,59201.92961226852,82.07270176773584,1.0,1786.1,train
HD236940,2,2,0,31.20182894,56.26201383,57415.8746875,60286.27124421296,64.89678023685164,1.0,2870.4,validation
HD237056,59,19,40,45.65785111,57.6127943,55102.0384837963,60319.16737847222,27.59411686754416,0.9830508474576272,5217.1,validation
HD237060,112,2,110,46.127246,59.446297,55856.022199074076,59454.115202546294,58.01209284941258,1.0,3598.1,train
HD237090,10,10,0,48.79553619,59.91189626,55574.87696180555,59869.897598379626,41.57387957630932,1.0,4295.0,train
HD237091,295,118,177,48.81979377,59.913652,55104.01789351852,60641.063543530094,136.6965457364963,0.9966101694915255,5537.0,train
HD237118,4,4,0,50.00497172,59.8640954,55855.05162615741,60573.06194666667,399.0273075008218,1.0,4718.0,test
HD237134,27,3,24,51.2637542,60.2529372,55855.07045717593,60287.349253472225,32.85405192364293,1.0,4432.3,test
HD23800,263,25,238,57.60446902,52.48190292,54041.93299768519,60979.85915509259,163.4343334982391,1.0,6937.9,train
HD23982,164,13,151,58.30184287,63.48343653,54868.798234953705,60567.113012277776,212.3401146294132,0.9939024390243902,5698.3,train
HD240010,404,2,402,339.632629,55.83483,49591.959224541664,60538.43844907408,46.20603795544306,0.0049504950495049506,10946.5,train
HD240249,1,1,0,349.54713986,55.84324577,60541.08412076779,60541.08412076779,279.6362443708455,1.0,0.0,validation
HD241360,1,1,0,77.88675549,24.13414125,60333.932773524306,60333.932773524306,726.7980309922311,1.0,0.0,train
HD241570,33,3,30,78.2247942,21.9672647,55979.82240740741,59638.05284588889,72.27567319214269,1.0,3658.2,train
HD24479,379,39,340,59.35601583,63.07226227,54386.037997685184,60948.840885405094,275.11419185845904,1.0,6562.8,train
HD244894,33,3,30,83.6526063,27.5926606,56303.912586805556,59172.03482060185,148.15034339083124,1.0,2868.1,test
HD245310,62,11,51,84.0958917,21.1865144,55175.944444444445,60689.898255318345,132.32908666458985,0.9838709677419355,5514.0,validation
HD245493,37,9,28,84.4622642,33.9672361,54883.87642361111,59625.15752314815,131.55241342041762,1.0,4741.3,train
HD245770,7,7,0,84.72738866,26.31578591,56753.81675347222,59187.22663773148,702.3526303484801,1.0,2433.4,train
HD246537,2,2,0,85.6687467,26.3453133,57064.83721643518,57069.868113425924,612.6238299457737,1.0,5.0,train
HD246878,2,2,0,86.1155167,27.22990543,55176.969618055555,57064.87472222222,2795.2722107390905,0.5,1887.9,train
HD247525,2,2,0,86.8496413,26.3962525,55963.834565972225,57345.949832175924,17640.878487665723,1.0,1382.1,validation
HD248390,2,2,0,87.9374183,26.4276256,55963.877413194445,57064.78002893519,1323.6535984304908,1.0,1100.9,train
HD248753,7,7,0,88.3795921,25.742245,54898.86226851852,59659.90170544444,65.11988040363886,1.0,4761.0,train
HD24912,4857,88,4769,59.741254,35.791033,50008.16990943756,61018.84184606482,178.90366600087543,0.2194770434424542,11010.7,train
HD249179,62,2,60,88.9793825,28.7851058,56011.799409722225,59171.05866898148,117.42458405914374,1.0,3159.3,train
HD249695,32,2,30,89.6471579,30.2071919,57040.95806712963,59158.15924768519,92.49116169194322,1.0,2117.2,train
HD249879,30,0,30,89.732438,16.665936,59168.18861111111,59168.18861111111,71.18285364020421,1.0,0.0,validation
HD250028,32,2,30,89.9731458,25.0886186,57048.873715277776,59158.18866898148,164.81206841584185,1.0,2109.3,train
HD250163,32,2,30,90.0483921,19.1926736,57048.90006944445,59158.21814236111,109.37833426874927,1.0,2109.3,train
HD250289,14,14,0,90.27445795,23.33899664,54903.941695601854,60964.130332430555,141.24458229462283,1.0,6060.2,train
HD250854,1,1,0,90.89571,22.32736,59996.86424189815,59996.86424189815,95.47547401806595,1.0,0.0,validation
HD250980,28,2,26,90.8926829,9.6651828,55874.06359375,59201.876834490744,60.012217523981285,1.0,3327.8,train
HD251726,28,2,26,91.7265246,19.0344608,56753.918524305554,59273.91960069445,78.98886034470848,1.0,2520.0,validation
HD252053,1,1,0,92.05082516,21.9496158,60376.01838550926,60376.01838550926,57.52980022521189,1.0,0.0,train
HD253084,29,3,26,92.8890096,14.2388806,56251.04201388889,59273.84664351852,106.05880650541278,1.0,3022.8,test
HD253214,33,3,30,93.0691537,20.0860364,57048.93648148148,59171.09516203704,153.18011127925575,1.0,2122.2,train
HD253215,32,2,30,93.0577833,20.0009419,57084.81054398148,59171.97366898148,66.26390385538579,1.0,2087.2,validation
HD253339,3,3,0,93.2583004,24.0429589,57062.92625,59303.84498263889,57.77417387273259,1.0,2240.9,train
HD253659,32,2,30,93.4756958,16.5180694,56317.856857638886,59159.11888310185,133.72471951654717,1.0,2841.3,train
HD254647,2,2,0,94.394229,11.190919,56317.88604745371,58947.84566550926,274.4124722024365,1.0,2630.0,train
HD256577,31,2,29,96.00073741,8.30069264,56317.923055555555,58106.00080439815,23.630836822298807,1.0,1788.1,train
HD257473,4,4,0,96.9006387,18.2632467,57050.916921296295,60284.96214286111,98.84451236786674,1.0,3234.0,test
HD259431,262,9,253,98.27162754,10.32221859,49674.093553413775,60639.262424768516,31.16648512253365,0.23282442748091603,10965.2,train
HD259440,62,2,60,98.2468937,5.8003272,58043.134722222225,59160.16947337963,111.8353391380035,1.0,1117.0,train
HD259597,34,5,29,98.3842979,8.3355775,56014.903732638886,60640.262783564816,137.04339446069855,1.0,4625.4,train
HD259631,17,2,15,98.4309075,8.0361117,57127.813755787036,58565.84766782408,21.72636486408945,1.0,1438.0,train
HD26398,335,27,308,62.76415395,16.64698136,54080.93900462963,60932.32376157407,81.70178560468115,1.0,6851.4,train
HD266894,3,3,0,104.2583113,9.2704006,54886.94793981482,59638.18612422222,182.70749608693032,1.0,4751.2,train
HD276247,57,3,54,65.06985779,42.3143924,55856.05883101852,60574.04302519444,46.65799140464997,1.0,4718.0,train
HD276738,25,3,22,71.4638362,43.9943936,56730.84652777778,59983.010416666664,107.54796409322775,0.96,3252.2,test
HD276886,6,6,0,72.5468408,41.6771981,55175.90552662037,60375.87925049769,436.70253018503007,0.6666666666666666,5200.0,train
HD277707,32,2,30,78.0484325,39.5556617,55979.80366319444,59160.14738425926,48.875546730033015,1.0,3180.3,validation
HD27846,66,15,51,66.45835881,46.23385605,54764.9868287037,59988.793854166666,148.213552874772,0.9545454545454546,5223.8,test
HD2789,165,20,145,8.0118513,67.1611347,52139.05368055555,60589.32789930556,51.47280727041916,0.9878787878787879,8450.3,train
HD280999,34,4,30,80.8120487,37.7149153,55979.84234953704,59669.881394675926,126.96136436163715,1.0,3690.0,train
HD281192,96,2,94,56.3113125,29.750886111111,58071.98618634259,60670.04197637732,38.464074604523944,1.0,2598.1,train
HD28543,1,1,0,68.07114415,48.28258439,60573.09420552778,60573.09420552778,172.57350692769577,1.0,0.0,validation
HD287823,1,1,0,81.03353621,2.46302421,56205.11238425926,56205.11238425926,32.06667109929824,1.0,0.0,train
HD29035,86,13,73,69.2461558,52.2870711,55161.93072916667,60353.12299189815,115.50234106635274,0.9767441860465116,5191.2,test
HD290409,32,2,30,81.7728113,0.4187792,56251.02028935185,59993.868726851855,95.76460713139318,1.0,3742.8,train
HD290500,1,1,0,82.450142,-0.395322,56331.850931712965,56331.850931712965,178.8750565079563,1.0,0.0,test
HD290662,2,2,0,83.9812829,-0.7775719,56262.4925,59260.851064814815,418.27726961346184,1.0,2998.4,train
HD290770,2,2,0,84.260205,-1.6226,56672.86814814815,59996.82085069444,697.3451891875318,1.0,3324.0,train
HD29096,4,4,0,69.16304636,41.07684344,60338.934781059026,60949.134619143515,419.8845074949289,1.0,610.2,train
HD29373,138,9,129,69.88745561,43.65919652,54763.05403356482,60723.78720699074,110.38126589975249,1.0,5960.7,test
HD29557,91,10,81,69.56739181,-24.6585541,55583.81985532407,60922.29487268518,113.02760756917827,1.0,5338.5,train
HD297625,2,2,0,147.2774196,-51.1568131,56393.48738425926,59759.98917152778,136.37914892654211,1.0,3366.5,train
HD298339,2,2,0,140.3536154,-51.1664661,56367.46549189815,59760.98891169445,167.28511871037412,1.0,3393.5,train
HD298377,1,1,0,140.9825158,-51.9622753,56375.46908564815,56375.46908564815,215.15422995767227,1.0,0.0,train
HD29866,476,36,440,71.05425071,40.78645092,54041.965,61021.79890716435,105.1215903165189,0.9936974789915967,6979.8,test
HD298697,1,1,0,147.2210121,-53.1352231,56389.53519675926,56389.53519675926,242.91806656987558,1.0,0.0,validation
HD300584,1,1,0,152.7470846,-57.1573428,56404.51329861111,56404.51329861111,261.7296449070239,1.0,0.0,test
HD30123,147,12,135,71.39452812,19.32830516,55155.93310185185,60957.28289351852,92.69896135852704,0.9931972789115646,5801.3,train
HD302724,1,1,0,154.8256192,-59.2969033,56408.531018518515,56408.531018518515,269.5776858148669,1.0,0.0,test
HD302798,1,1,0,156.4956246,-58.9957489,56416.51752314815,56416.51752314815,308.7957266156764,1.0,0.0,test
HD302838,1,1,0,157.131346,-57.705053,56429.49361689815,56429.49361689815,186.35407908503424,1.0,0.0,train
HD302840,1,1,0,156.97546,-57.61222,56424.523877314816,56424.523877314816,282.56533032712423,1.0,0.0,test
HD302842,1,1,0,156.885704,-57.656172,56424.490532407406,56424.490532407406,329.18721969078007,1.0,0.0,train
HD303143,58,0,58,159.7426104,-57.5911311,60695.321435185186,60819.07120949074,106.74645704097966,1.0,123.7,train
HD303763,1,1,0,165.7119442,-59.3183108,59762.990723916664,59762.990723916664,218.74196839534358,1.0,0.0,train
HD305019,2,2,0,153.7600554,-60.9225589,56406.51914351852,59638.3102785,208.36664506618075,1.0,3231.8,train
HD305138,1,1,0,156.3792196,-59.7941633,56415.53996527778,56415.53996527778,260.42535754496646,1.0,0.0,train
HD305827,1,1,0,164.416929,-61.659158,56802.49743634259,56802.49743634259,198.20433521280623,1.0,0.0,train
HD305891,2,2,0,165.6249542,-60.8155161,56441.463587962964,59638.370025027776,243.8149590554362,1.0,3196.9,validation
HD306145,1,1,0,167.830529,-59.920506,57532.50855324074,57532.50855324074,337.9490382903234,1.0,0.0,train
HD30677,286,18,268,72.51505723,8.40784481,52664.7481532875,60936.30988425926,140.67736173555053,0.7657342657342657,8271.6,train
HD307350,2,2,0,178.5023725,-58.5211608,59420.046222972225,59764.035833361115,275.531614889838,1.0,344.0,train
HD307718,2,2,0,156.33246,-62.44197,56415.52542824074,59766.991677833335,143.06500643571837,1.0,3351.5,test
HD309784,1,1,0,145.6519688,-67.14825,56384.49335648148,56384.49335648148,190.49271902334863,1.0,0.0,validation
HD312101,1,1,0,193.597475,-60.698685,56466.53065393519,56466.53065393519,246.23865861441521,1.0,0.0,train
HD312973,32,2,30,273.901655,-20.3678308,55770.88038773148,59097.85564236111,126.5503574644252,1.0,3327.0,validation
HD315377,2,2,0,273.9902067,-24.6072628,58618.06083912037,59793.25577644444,475.86007702581423,1.0,1175.2,validation
HD31648,215,12,203,74.69277226,29.84360418,56153.128587962965,60642.012317789355,48.928529608933665,0.9953488372093023,4488.9,validation
HD316520,1,1,0,268.01421,-28.75867,59738.0965625,59738.0965625,344.7241229301267,1.0,0.0,train
HD316568,1,1,0,268.6779617,-29.7298903,59793.209135805555,59793.209135805555,110.37518323362113,1.0,0.0,validation
HD316589,1,1,0,268.0781046,-30.0418181,56573.463096064814,56573.463096064814,321.4526397026124,1.0,0.0,test
HD32188,346,19,327,75.8276554,41.44164825,49981.5936088831,60735.97616576389,116.62255608376645,0.9942196531791907,10754.4,train
HD32358,86,4,82,76.18397545,44.95860854,55175.84722222222,60569.18127666667,41.02823632750305,0.9883720930232558,5393.3,train
HD32811,2,2,0,76.67053936,22.51075473,60333.90947371528,60573.133529722225,1051.6897991614323,1.0,239.2,train
HD328990,2,2,0,252.6058025,-46.1553217,59701.09968171296,59738.05052662037,251.58463542003585,1.0,37.0,train
HD331976,32,2,30,303.42304,32.55353,58298.934716435186,59170.83262731481,97.86319478147169,1.0,871.9,train
HD333226,2,2,0,300.1390242,30.3814489,58299.93027199074,58693.929189814815,224.11798744750064,1.0,394.0,train
HD333452,2,2,0,300.7959004,28.7056783,56898.82724537037,58663.95613425926,591.9109328808963,1.0,1765.1,train
HD33453,90,3,87,77.11022813,-40.9124236,56246.48537037037,60927.29958333333,181.7806195520231,1.0,4680.8,train
HD33599,64,6,58,76.8039429,-61.8050756,56220.533842592595,60924.30816550926,97.18876650392443,1.0,4703.8,validation
HD339483,58,9,49,301.00310586,26.27132164,56488.95090856482,60127.45048032407,148.25606582766744,0.9827586206896551,3638.5,train
HD34257,84,9,75,79.3986838,33.5934858,54851.861608796295,59660.84162927778,104.30770542301454,1.0,4809.0,validation
HD344313,8,8,0,291.190715,22.7746328,56403.240636574075,60572.91318902778,402.20236790284525,1.0,4169.7,train
HD344783,4,4,0,295.7782921,23.2701122,57959.916359953706,59510.86848688889,854.3350494464809,0.75,1551.0,test
HD344800,7,7,0,295.71217,22.5627389,56406.06734375,59789.11888477778,451.10852049012743,1.0,3383.1,train
HD344873,9,9,0,296.30264189,24.05113696,56403.12179398148,60181.323292824076,166.73049621019936,0.8888888888888888,3778.2,train
HD345120,4,4,0,298.1367058,22.6861456,55793.0276099537,59506.876672453705,252.41196152444812,1.0,3713.8,train
HD345122,5,5,0,298.2142537,22.2396261,55793.009097222224,60499.40253472222,691.2035490169462,1.0,4706.4,train
HD345339,1,1,0,299.30084588,21.98170639,60537.952651966654,60537.952651966654,165.29158605742612,1.0,0.0,train
HD350559,2,2,0,296.7403729,18.2488533,58298.966215277775,59505.77496527778,328.37092960762385,1.0,1206.8,train
HD35187B,38,10,28,81.00488,24.96044,56303.770324074074,59653.1469212963,117.87030874400793,1.0,3349.4,train
HD35269,1,1,0,81.03911259,16.56266463,60568.08852613889,60568.08852613889,188.91796981832147,1.0,0.0,test
HD35345,228,28,200,81.4366033,35.6471997,54881.77228587963,60718.99744446759,106.31449062665156,0.9956140350877193,5837.2,train
HD35347,11,11,0,81.3242808,29.6148942,55120.09541087963,59624.29315972222,46.25574204558142,1.0,4504.2,train
HD355402,36,6,30,304.83934,14.9142644,55792.086539351854,59787.325070833336,59.338903213457414,1.0,3995.2,train
HD36112,7,7,0,82.61470705,25.33252286,56303.889074074075,59631.15088541667,75.27692634107544,1.0,3327.3,train
HD36408,205,16,189,83.05892595,17.05812478,54758.19216435185,60921.4041724537,102.69419860442557,0.9902439024390244,6163.2,validation
HD36665,374,323,51,83.6629169,28.0510478,54883.795219907406,60563.03854736111,885.0455314837737,1.0,5679.2,train
HD36910,33,3,30,83.9936121,24.74835973,57064.79382523148,59168.116122685184,128.6442744666922,1.0,2103.3,train
HD37115,194,10,184,83.9753404,-5.6284256,54848.84019675926,60943.28995949074,200.9754114538269,0.9948453608247423,6094.4,train
HD37149,99,17,82,84.07430619,-1.63532881,54883.83333912037,60945.2915625,137.86108800682925,1.0,6061.5,train
HD37266,4,4,0,84.76780561,37.9766472,60665.0923400463,60690.97289351852,273.88483423750154,1.0,25.9,validation
HD37330,179,13,166,84.4727267,0.9686097,54885.840949074074,60954.27789351852,182.2604770110278,1.0,6068.4,train
HD37352,125,12,113,84.8131362,30.1505583,54888.78471064815,60642.13066087963,45.42825065306709,1.0,5753.3,train
HD37357,64,6,58,84.4461604,-6.7084028,56655.79034143518,60768.062818287035,100.4828973014476,1.0,4112.3,train
HD37541,59,7,52,85.0143662,17.6765625,55630.8940162037,60626.25484375,139.66651029478808,1.0,4995.4,train
HD37806,163,24,139,85.25955148,-2.71686994,47914.23777654514,60955.279027777775,152.3552427095282,0.9202453987730062,13041.0,train
HD37971,379,12,367,85.42296034,-16.72583048,52652.79095379583,60923.37632523148,108.11048843617519,0.46965699208443273,8270.6,train
HD37974,6,6,0,84.10779,-69.38219,56266.49626157407,59791.34480998646,150.97542678858696,1.0,3524.8,validation
HD38120,34,4,30,85.7995533,-4.9971936,55175.96134259259,60353.21759259259,145.31178790501087,0.9705882352941176,5177.3,validation
HD38191,9,9,0,86.2343225,21.4606856,55176.94878472222,59625.208836805556,64.55662467901284,0.8888888888888888,4448.3,train
HD38856,193,13,180,87.19153028,0.72556533,51893.891916116605,60962.26241898148,87.78962503903594,0.6528497409326425,9068.4,train
HD39018,117,15,102,87.63450562,18.02635987,54889.852818287036,61021.91757655093,138.32404823879156,0.9914529914529915,6132.1,train
HD39478,87,6,81,88.49936988,26.42252922,54903.90170138889,60353.17998263889,151.0285735051211,1.0,5449.3,test
HD39557,2,2,0,88.363082,0.77921143,55963.922164351854,57440.76320601852,2207.204160464115,1.0,1476.8,test
HD40132,3,3,0,89.50123224,24.617158,60334.043651626154,61002.008189016204,453.7851926446354,1.0,668.0,test
HD40193,3,3,0,89.0936842,-22.6500183,56292.53539351852,60573.17286402778,422.38212925879645,1.0,4280.6,train
HD40254,1,1,0,89.76211797,31.03024457,60334.02517707176,60334.02517707176,907.5050247885604,1.0,0.0,train
HD40897,1,1,0,90.67106634,22.04674471,60740.810410578706,60740.810410578706,396.28689576191067,1.0,0.0,train
HD42054,151,6,145,91.76529297,-34.31202208,56263.02613425926,60921.356782407405,359.1679609188571,1.0,4658.3,train
HD42406,146,10,136,92.65308739,3.87172048,54905.89909143519,60968.26773726852,131.67166306839798,1.0,6062.4,train
HD42477,221,30,191,92.86629394,13.63856098,54397.14299768519,60940.36865162037,128.9797098111007,1.0,6543.2,validation
HD42529,11,11,0,93.16603388,32.97265075,54906.92419560185,60740.92718576389,74.30178120477001,0.9090909090909091,5834.0,train
HD43122,91,4,87,93.2079125,-37.0814672,49664.82931552662,60929.31309027778,132.58954517782644,0.978021978021978,11264.5,train
HD43264,202,8,194,93.898763,7.652266,52240.97820639589,60635.23902199074,71.59751322080498,0.6633663366336634,8394.3,validation
HD43285,353,21,332,93.917404,6.066166,51896.90780544167,60928.383055555554,141.56448298893665,0.5127478753541076,9031.5,validation
HD43544,249,12,237,94.03204872,-16.61800603,54766.07263888889,60927.35883680556,377.23862550652433,1.0,6161.3,train
HD43681,1,1,0,94.74676996,34.23059508,60712.95119212963,60712.95119212963,45.193870365948904,1.0,0.0,test
HD43703,8,8,0,94.6643188,23.0079294,55656.8784375,60355.284837962965,98.68567318196756,0.875,4698.4,test
HD43789,90,3,87,93.98567668,-44.61963457,56290.52468171297,60931.307118055556,120.95228056396437,1.0,4640.8,train
HD43913,112,54,58,94.7435722,4.19131489,52680.9371875,60634.30900462963,223.21049950595392,0.6517857142857143,7953.4,validation
HD44506,147,3,144,95.15099777,-34.14414381,56620.48086805556,61026.59547453704,324.9126864386878,1.0,4406.1,validation
HD44637,760,673,87,95.85283755,15.10178511,54907.89939236111,60635.30890625,955.6436347371488,1.0,5727.4,train
HD44783,337,25,312,96.00951503,8.88501081,51896.94728310839,60930.387644675924,126.9311361358579,0.8011869436201781,9033.4,validation
HD44996,867,362,505,96.08574553,-12.96193859,54786.09153356482,60931.36644097222,533.1727166826662,1.0,6145.3,train
HD45260,2,2,0,96.52645514,-9.3973975,55964.91868055556,56670.96130787037,585.1711109493915,1.0,706.0,train
HD45314,1418,1098,320,96.81574008,14.88922731,57050.98238425926,61022.94257523148,379.60361206009406,0.9992947813822285,3972.0,train
HD45626,31,1,30,97.0940967,-4.4621431,57071.95575231482,59171.12430555555,148.18510974718018,1.0,2099.2,train
HD45995,207,30,177,97.79010365,11.25585164,54785.17122685185,60726.85016782407,175.046049059442,0.9951690821256038,5941.7,train
HD46131,149,4,145,97.66050974,-22.32181219,54893.84775462963,60959.25882523148,226.11604148181516,1.0,6065.4,train
HD46484,179,8,171,98.47670309,4.66239036,52665.78063114583,60659.17435598104,74.93208419269386,0.6256983240223464,7993.4,train
HD47054,363,26,337,99.14721397,-5.21114187,52302.18828703704,60933.370028935184,227.78394970637765,0.8925619834710744,8631.2,validation
HD47160,157,10,147,99.27393601,-2.17903649,52302.19409722222,60774.072922453706,206.5039842390149,0.7643312101910829,8471.9,train
HD47202,3,3,0,99.21637967,-12.85135733,56293.51186342593,59619.16546122772,327.2642299589935,1.0,3325.7,test
HD47359,35,6,29,99.6037658,4.8809289,48214.835519600696,60645.24505208333,101.33333991398122,0.9428571428571428,12430.4,train
HD4931,71,20,51,13.06438602,60.08994699,55103.00572337963,60961.95672920139,80.41039277133369,0.9859154929577465,5859.0,validation
HD49319,296,4,292,101.51341811,-39.54025576,49684.44357328704,60950.27570601852,337.6712666665487,0.9932432432432432,11265.8,train
HD49330,179,33,146,101.98861655,0.77611535,52265.97942050423,60781.06108796296,50.01369457493889,0.6256983240223464,8515.1,train
HD49585,4,4,0,102.28441,0.089463,54042.19700231482,57438.93219328704,86.36744313627445,1.0,3396.7,train
HD49787,156,9,147,102.48133814,-5.51319576,52657.17679398148,60783.067332175924,142.2803545515738,0.7628205128205128,8125.9,train
HD49888,171,7,164,102.53370585,-12.5847544,54893.90075810185,60784.066116898146,154.0602723261403,1.0,5890.2,train
HD50138,3836,203,3633,102.88916,-6.966512,48559.04497587963,60649.18180150463,37.5045660175871,0.9708029197080292,12090.1,train
HD50209,150,10,140,103.04316887,-0.29553953,52267.05746620417,60650.18554976852,37.99309713513492,0.5533333333333333,8383.1,validation
HD50424,32,3,29,103.221047,-10.007482,54886.871203703704,60650.246695601854,118.40123436374523,1.0,5763.4,train
HD50581,284,47,237,103.55765309,6.68798931,52662.867597658274,60663.41855902778,86.27324551708057,0.3908450704225352,8000.6,train
HD50658,233,46,187,104.13357464,46.2739963,54738.18251950231,60701.166611642184,131.1969518244458,0.9957081545064378,5963.0,train
HD50696,101,5,96,103.592285,0.1818456,52266.06497298669,60652.22969328704,45.819988884280946,0.33663366336633666,8386.2,train
HD50820,376,37,339,103.675182,-1.756486,52655.22881944444,60947.34901041666,110.6503076572292,0.901595744680851,8292.1,test
HD50850,32,2,30,103.53835,-18.28624,54886.90019675926,59619.13725115741,115.55770840163495,1.0,4732.2,train
HD50868,256,56,200,103.80687,5.4340118,52191.36444444444,60731.24891203704,127.58382428006809,0.703125,8539.9,train
HD50891,63,4,59,103.745089,-3.700358,54886.93320601852,60636.32056712963,122.09246095249203,1.0,5749.4,test
HD51354,927,25,902,104.4287579,17.9020094,54882.92369212963,60752.82229163194,150.11619963837612,0.9989212513484358,5869.9,validation
HD51404,33,3,30,104.2559483,-6.2182325,55963.966782407406,59160.19848958333,99.39672288818106,1.0,3196.2,train
HD51452,64,35,29,104.335918,-4.193723,54744.15369791666,60654.341649305556,70.79465315164849,1.0,5910.2,train
HD51506,437,58,379,104.48329105,6.54914786,52663.07407934959,60725.888427284735,53.626786183417764,0.6933638443935927,8062.8,test
HD52159,2,2,0,104.92768568,-11.15739075,57423.88275462963,59247.85454861111,751.2516970341045,1.0,1824.0,test
HD52721,413,12,401,105.45629071,-11.30092274,49674.180173834146,60790.06668402778,102.41537668384962,0.35108958837772397,11115.9,train
HD52812,177,1,176,105.3900294,-27.22294343,54876.953188657404,60971.24601851852,261.4936237346841,1.0,6094.3,train
HD53032,2,2,0,105.8484533,-2.7440478,55988.78443865741,57064.93344328704,3487.3392189974006,1.0,1076.1,train
HD53048,121,5,116,105.0433,-56.9070044,56300.4846412037,60941.29148148148,187.44969578324944,1.0,4640.8,train
HD53085,80,14,66,105.90489728,-2.47417256,52654.31383101852,60713.19818287037,95.61920788731507,0.5375,8058.9,train
HD53416,165,15,150,106.3944954,14.4731117,54889.954513888886,60987.07822337963,173.2134266138716,0.9939393939393939,6097.1,test
HD53667,121,4,117,106.396743,-8.72888,52657.26315972222,60644.30532986111,168.38545887194792,0.6942148760330579,7987.0,test
HD54086,2,2,0,106.7179546,-14.6984267,56655.83102430555,59304.86310185185,241.65136392081013,1.0,2649.0,train
HD54167,1,1,0,106.98057742,1.71958509,60375.96730534722,60375.96730534722,94.6426994382055,1.0,0.0,train
HD54858,63,5,58,107.54729346,-9.33630729,54916.818373842594,60791.06721064815,126.33461382569735,1.0,5874.2,validation
HD55014,90,3,87,107.69217392,-11.57406452,54916.877754629626,60793.070127314815,156.3284173861365,1.0,5876.2,train
HD55135,123,2,121,107.83686559,-10.42882789,53011.20479166551,60659.23109375,211.00938018722346,0.7073170731707317,7648.0,train
HD55200,3,3,0,108.41909533,38.1084056,60354.89451760417,60705.34070601852,87.46441919866162,1.0,350.4,train
HD55271,115,7,108,107.83719843,-21.80328964,54908.87708333333,60775.13483796296,101.51617585999561,1.0,5866.3,train
HD55439,51,22,29,108.14505388,-9.84502814,55964.972633101854,60660.235526620374,129.0909247592161,1.0,4695.3,test
HD55566,59,1,58,108.0647767,-27.8632917,59262.82032986111,60767.16126736111,106.60257529979211,1.0,1504.3,train
HD55606,68,1,67,108.392089,-2.077529,52265.06415647246,57367.96827546296,36.62935031465314,0.014705882352941176,5102.9,train
HD56039,32,2,30,108.74963601,-11.87040827,56735.90046875,59182.17616319445,230.4673950168518,1.0,2446.3,validation
HD56600,2,2,0,109.2642217,-16.6078131,58902.90274884259,59232.850619212964,669.4169860494706,1.0,329.9,train
HD56670,1,1,0,109.4016475,-9.4144258,59276.91971064815,59276.91971064815,320.7984334774706,1.0,0.0,train
HD56806,1,1,0,109.4459458,-18.8164497,59264.82792824074,59264.82792824074,1320.841457649112,1.0,0.0,test
HD56847,3,3,0,109.54015775,-15.62832657,56738.87029513889,58895.92851273148,152.05292556481024,1.0,2157.1,validation
HD57386,35,6,29,110.17909942,-8.42102679,54916.92787615741,60649.30298611111,172.81717645140517,1.0,5732.4,train
HD57393,1,1,0,110.0245438,-24.0855164,59301.82404513889,59301.82404513889,835.7103354377492,1.0,0.0,train
HD57551,3,3,0,109.99742724,-40.49488922,56300.49821759259,59619.261116898146,342.5873974424536,1.0,3318.8,validation
HD57682,1052,169,883,110.50856248,-8.97937945,54786.14381365741,60964.18398174769,262.955356637111,0.9980988593155894,6178.0,test
HD57775,2,2,0,110.6034596,-10.8226242,58549.843547453704,58928.86009259259,753.4157576384669,1.0,379.0,train
HD57910,2,2,0,110.6188361,-23.02559912,59259.84832754629,59619.10412615741,603.4520736819044,1.0,359.3,train
HD58127,111,2,109,110.90726634,-14.10017284,55982.92722106481,60781.11248263889,163.76293587636923,1.0,4798.2,validation
HD59197,60,2,58,111.74769068,-41.62909252,56307.49033564815,60757.221087962964,146.5459340130529,1.0,4449.7,train
HD59281,59,1,58,112.05139112,-27.39966961,59276.840995370374,60773.14860532407,143.12916898888727,1.0,1496.3,train
HD59498,116,2,114,112.34490487,-21.86921623,56729.864733859955,60782.127355324075,141.10932706335032,1.0,4052.3,train
HD60220,1,1,0,113.08367,-27.89933,59263.801157407404,59263.801157407404,669.1170339875147,1.0,0.0,validation
HD60260,2,2,0,113.2968517,-11.6117275,54883.94520833333,57438.871487268516,1600.015468474908,1.0,2554.9,train
HD60307,62,4,58,113.3276137,-13.1182792,56743.87010995371,60792.08726851852,95.1021888933578,1.0,4048.2,test
HD60606,32,3,29,113.46268225,-36.33839196,56297.03596064815,60282.17509837963,354.092565076027,1.0,3985.1,validation
HD60669,2,2,0,113.462005,-40.9299461,56309.462488425925,56661.445376157404,342.28296650898767,1.0,352.0,train
HD60794,61,3,58,113.5286033,-46.6438014,56310.486134259256,60758.212013888886,96.68105193702122,1.0,4447.7,train
HD60848,625,286,339,114.27388616,16.90424867,53331.195385416206,60710.768836793985,227.3750455619023,0.8912,7379.6,train
HD61025,117,1,116,114.07548131,-24.60980842,56751.80233796296,60784.12694444445,157.85605345497473,1.0,4032.3,train
HD61205,3,3,0,114.4283733,-12.7593169,54883.96019675926,59233.93628472222,760.0796999316175,1.0,4350.0,train
HD61224,161,11,150,114.41167112,-14.44076261,54875.93605902778,60800.07111689815,124.51402889526872,1.0,5924.1,test
HD61355,30,1,29,114.3697129,-32.3965311,56662.458090277774,60670.13743055556,80.42846287657892,1.0,4007.7,train
HD62367,116,16,100,115.88386264,-4.68065979,54849.00101273148,60658.300596064815,118.54245610846196,1.0,5809.3,train
HD62532,52,2,50,115.9389125,-17.9462028,55941.00121527778,60662.288177083334,56.48429431549684,1.0,4721.3,train
HD62533,2,2,0,115.9461029,-18.0119878,58927.87640625,59619.06880208333,551.6568966953394,1.0,691.2,validation
HD62729,33,4,29,116.21981727,-16.12223351,55691.83366319445,60708.34807291667,153.94197212184173,1.0,5016.5,train
HD628,4,4,0,2.68809965,58.01830799,60281.186631944445,60936.19106362268,241.928001450851,1.0,655.0,train
HD62894,2,2,0,116.0648204,-43.01783,56310.501747685186,56662.470850694444,354.00960682108985,1.0,352.0,train
HD62959,1,1,0,116.2976712,-30.7220822,56668.466961805556,56668.466961805556,377.6368542879732,1.0,0.0,train
HD63150,59,1,58,116.4797304,-36.4981342,56687.46181134259,60774.181180555555,108.76145050475193,1.0,4086.7,train
HD63423,118,2,116,116.89748548,-30.54862866,56328.45412037037,60789.1253125,187.69060475677918,1.0,4460.7,train
HD6343,243,27,216,16.4707508,65.9710533,52139.08494212963,60947.008061342596,128.74567985150617,0.9917695473251029,8807.9,train
HD63453,5,5,0,116.5000617,-56.1935078,56310.516435185185,59619.200873842594,399.55848620157326,1.0,3308.7,validation
HD63988,178,2,176,117.46757421,-40.9145424,56656.48413773148,60779.17630787037,276.3537074897404,1.0,4122.7,train
HD64109,194,23,171,118.09430927,3.84314824,49760.790692766204,60723.31361689815,140.56883006248734,0.9948453608247423,10962.5,train
HD64298,2,2,0,118.1252883,-21.99974885,58893.897019675926,60742.2632349537,262.224071310794,1.0,1848.4,validation
HD64716,60,2,58,118.29951099,-45.2187411,56329.47509259259,60768.21434027778,130.81493277059403,1.0,4438.7,train
HD64831,120,4,116,118.0927958,-59.49311111,56323.46063657408,60767.22249421296,159.96816589012934,1.0,4443.8,train
HD65663,119,3,116,119.06570708,-61.09943055,56675.48333912037,60772.209699074076,252.47048141902962,1.0,4096.7,train
HD65930,91,4,87,119.75304255,-48.37631026,56754.41855324074,60775.195868055554,300.3700665106038,1.0,4020.8,train
HD67888,765,99,666,122.15684364,-37.68122139,56684.48233796296,60967.32568287037,418.1828265384316,1.0,4282.8,train
HD67978,60,2,58,122.1730946,-42.056355,56330.47263888889,60783.175474537034,112.93124744819005,1.0,4452.7,validation
HD67985,62,4,58,122.0911771,-47.1579778,56329.510092592594,60781.16672453703,113.99684077460762,1.0,4451.7,validation
HD68423,234,2,232,122.1026676,-63.80082195,56684.46918402778,60966.34803819445,353.9638276745639,1.0,4281.9,test
HD68468,84,9,75,123.0016408,-14.1689908,54887.94893518519,60738.29300347222,132.99743068062344,1.0,5850.3,train
HD68695,2,2,0,122.9357121,-44.0857631,56330.48684027778,56686.473032407404,378.8329481959972,1.0,356.0,train
HD69026,60,2,58,123.0872071,-55.3528564,56332.461550925924,60782.18842013889,117.11892650457497,1.0,4449.7,train
HD69168,235,3,232,123.44021364,-46.57868517,56688.48167824074,60968.33130787037,375.2578868072116,1.0,4279.8,train
HD69404,291,1,290,123.71350005,-46.48589252,56692.47755787037,60969.33088541667,359.977159580628,1.0,4276.9,train
HD69425,1,1,0,123.8766983,-37.1174931,56695.480387731484,56695.480387731484,435.12303867542204,1.0,0.0,train
HD69651,2,2,0,123.9309429,-48.34422,56695.496412037035,57117.44142361111,304.92968301403715,1.0,421.9,train
HD70064,2,2,0,124.5117417,-45.6421806,56695.51013888889,57117.47568287037,325.0998581712888,1.0,422.0,train
HD70234,59,1,58,124.90854232,-31.82347436,56697.46537615741,60792.14092592592,106.31925699118788,1.0,4094.7,train
HD70340,201,34,167,125.3345142,-1.6020344,49777.059756047456,60695.41530671297,214.32899996430524,0.9900497512437811,10918.4,train
HD70461,59,1,58,125.3059008,-26.3331325,59274.81821759259,60793.13061342593,103.3462983884503,1.0,1518.3,validation
HD71072,328,88,240,126.25164961,-12.76478723,54886.99019675926,60999.185329293985,208.66460573303252,0.9939024390243902,6112.2,train
HD71510,265,4,261,126.38052396,-51.72741538,56697.49288773148,60969.369039351855,419.6781787235418,1.0,4271.9,train
HD71823,60,2,58,126.8673237,-47.7287806,56724.44636574074,60784.187997685185,100.36428927051865,1.0,4059.7,train
HD72014,92,5,87,127.21692027,-42.58747545,49841.79667541667,60799.13045138889,361.16928418071575,0.9565217391304348,10957.3,test
HD72043,89,14,75,127.5852754,-10.6162356,54886.97519675926,60677.13366319444,97.68572131529422,1.0,5790.2,train
HD72063,1,1,0,127.4071567,-34.9306103,59296.87773726852,59296.87773726852,762.5821373370042,1.0,0.0,test
HD72067,292,0,292,127.2815296,-44.16041428,59994.50881944445,60971.35596064815,449.47063575769386,1.0,976.8,train
HD73903,2,2,0,129.7453371,-46.2271003,56333.46591435185,57136.468015046295,461.54444126816327,1.0,803.0,train
HD74867,58,0,58,131.25842734,-41.51618429,60678.133605324074,60797.161770833336,22.71948186768843,1.0,119.0,test
HD75081,292,0,292,131.59899049,-41.12539077,59959.50861689815,60972.30538194445,446.47797128113143,1.0,1012.8,train
HD75485,63,5,58,130.73602189,-77.1177877,56336.50763888889,60767.28361111111,145.87613078574043,1.0,4430.8,train
HD75551,4,4,0,132.1432813,-50.3702917,56340.44648148148,57514.45799768518,408.4218332073556,1.0,1174.0,train
HD75658,59,1,58,132.3531025,-47.4886483,56356.48504629629,60774.2421412037,166.20845520290843,1.0,4417.8,test
HD75661,5,5,0,132.2251213,-54.2729419,56340.463912037034,59619.225630787034,480.2206074349097,1.0,3278.8,train
HD75740,1,1,0,132.72529024,-26.35154266,59296.826516203706,59296.826516203706,888.830627935018,1.0,0.0,train
HD75925,56,0,56,132.866796,-41.857444,60791.18914351852,60802.458703703705,61.082822878315,1.0,11.3,train
HD76534,6,6,0,133.786279167,-43.4666277778,48428.85165249422,56361.44331018518,9.230233301344814,0.16666666666666666,7932.6,train
HD76568,2,2,0,133.7408738,-50.8639911,56340.4790162037,56727.457650462966,419.10885577701384,1.0,387.0,validation
HD76838,118,0,118,134.28147615,-43.256187,59989.49215856481,60801.14047453704,242.57081636664907,1.0,811.6,test
HD76868,196,33,163,134.7472121,3.6561061,55270.89418396991,60732.31637731481,102.87776056601899,1.0,5461.4,train
HD76985,3,3,0,134.1964096,-59.5200025,56361.457025462965,59619.310290831774,452.5411733205995,1.0,3257.9,train
HD77032,61,3,58,134.3142325,-58.5860119,56361.48881944444,60768.27462962963,118.36877571371909,1.0,4406.8,test
HD77147,59,1,58,134.346983,-63.496919,56364.51793981482,60772.27075231481,130.7875066342054,1.0,4407.8,train
HD7720,173,40,133,19.61289022,61.89291479,55117.9422974537,60192.466707175925,113.37840667213138,0.9942196531791907,5074.5,train
HD78328,2,2,0,136.2656529,-58.7676558,56365.475486111114,59619.34276620371,482.6063265598224,1.0,3253.9,train
HD78482,1,1,0,136.9244196,-29.0033256,59263.92863425926,59263.92863425926,311.2713048710788,1.0,0.0,train
HD79066,1566,46,1520,137.9818113,5.4686286,54846.12082175926,60774.235034722224,88.897462213066,0.9993614303959132,5928.1,train
HD79206,120,2,118,137.67506621,-53.04581418,56366.45637731482,60775.256927083334,193.4886648848253,1.0,4408.8,train
HD79621,235,1,234,138.39355606,-47.33840548,57856.425104166665,60724.381527777776,455.21421268053706,1.0,2868.0,train
HD79778,59,1,58,138.4640333,-55.5396544,56366.47956018519,60773.270636574074,115.65568173425508,1.0,4406.8,train
HD80156,58,0,58,139.16546042,-44.43459643,60683.25552662037,60781.22771990741,118.94730046670435,1.0,98.0,validation
HD80284,60,2,58,139.0736725,-59.2341894,56339.547638888886,60779.237366898145,106.60024025026448,1.0,4439.7,test
HD80459,118,2,116,139.2316972,-63.77513634,56367.44650462963,60782.249369212965,231.10500627874362,1.0,4414.8,train
HD81354,1,1,0,140.7281529,-55.7366556,56370.49575231481,56370.49575231481,278.41564854559056,1.0,0.0,validation
HD81357,204,37,167,141.8496363,58.1428373,54903.98005208333,60733.211951261575,120.96524460641305,0.9852941176470589,5829.2,test
HD81753,299,2,297,141.68708959,-28.78769579,54905.96580439815,60729.310445601855,353.89766858049,1.0,5823.3,train
HD83032,91,2,89,143.37771821,-58.38625182,56378.480046296296,60784.24901620371,163.63911815675493,1.0,4405.8,validation
HD83043,59,1,58,143.4798613,-53.6350733,56384.459861111114,60792.20140046296,131.68261048606217,1.0,4407.7,train
HD83060,2,2,0,143.4266417,-57.1633456,56378.49385416666,59619.367360122684,461.1395791847568,1.0,3240.9,test
HD84361,59,1,58,145.6778746,-58.1054936,56384.50693287037,60789.24605902778,142.06013876440298,1.0,4404.7,train
HD84511,60,2,58,145.9805542,-55.0510547,56389.48841435185,60790.24297453704,100.98832527007262,1.0,4400.8,train
HD84523,117,1,116,146.0298425,-53.7452717,58586.44935185185,60793.191041666665,191.90738918395195,1.0,2206.7,test
HD84567,175,1,174,146.34169587,-30.20274801,57899.45743055556,60727.37237268518,369.6638579893874,1.0,2827.9,train
HD84777,1,1,0,146.3974988,-55.7437528,56389.50648148148,56389.50648148148,380.167019654939,1.0,0.0,train
HD85083,59,1,58,146.8917242,-58.1879714,56389.52138888889,60791.24952546296,143.49279102593056,1.0,4401.7,train
HD85495,90,1,89,147.5611863,-58.0458628,57888.495017361114,60797.22218171296,131.762115408807,1.0,2908.7,train
HD85860,88,1,87,148.52139805,-27.99901381,57899.483981481484,60799.190850694446,306.85231542323015,1.0,2899.7,train
HD86119,1,1,0,148.632595,-58.6096767,56393.50269675926,56393.50269675926,251.45396909186184,1.0,0.0,validation
HD86272,1,1,0,148.7522829,-63.5413369,56404.49952546296,56404.49952546296,311.275304893258,1.0,0.0,validation
HD87203,58,0,58,150.4680871,-54.2058569,60684.324982638886,60800.19206018518,128.59400204361913,1.0,115.9,train
HD87366,1,1,0,150.64825,-60.147636,56393.52302083333,56393.52302083333,247.757021477231,1.0,0.0,train
HD87543,177,3,174,150.89215536,-61.88403916,56412.55055555556,60729.367494212966,386.3696475298011,1.0,4316.8,validation
HD87565,1,1,0,150.9615683,-59.8564792,56397.51188657407,56397.51188657407,265.3451485318502,1.0,0.0,train
HD87801,1,1,0,151.3892125,-59.9065736,56397.526724537034,56397.526724537034,403.2405473985295,1.0,0.0,train
HD87818,1,1,0,151.4157167,-60.0104767,56397.54136574074,56397.54136574074,311.5395444026162,1.0,0.0,train
HD88825,174,0,174,153.25478045,-59.91808782,60026.22890625,60734.32508101852,360.21966121755764,1.0,708.1,test
HD89884,263,77,186,155.49750299,-18.03448076,49674.877371417824,60824.06542824074,169.233932991506,0.9885931558935361,11149.2,train
HD90187,59,1,58,155.7826775,-57.9975619,56413.530810185184,60775.31789351852,72.29918870139444,1.0,4361.8,train
HD90436,1,1,0,156.2110317,-59.7923633,56413.55260416667,56413.55260416667,383.5293804538008,1.0,0.0,train
HD90490,88,1,87,156.31744153,-58.87245901,57855.48309606482,60783.297563657405,286.4570410565799,1.0,2927.8,train
HD90551,59,1,58,156.462171,-56.620928,56415.55601851852,60792.26215277778,44.31082150658873,1.0,4376.7,train
HD90563,1,1,0,156.468592,-58.785314,56416.50386574074,56416.50386574074,163.99997344048947,1.0,0.0,test
HD90599,1,1,0,156.5296321,-58.6171883,56421.48410686343,56421.48410686343,314.3223110028684,1.0,0.0,test
HD90834,1,1,0,156.93,-59.28,56424.50934027778,56424.50934027778,371.09458697057363,1.0,0.0,train
HD91120,362,85,277,157.74932259,-13.58847003,54173.94930555556,60738.307708333334,202.93680222927077,0.9972375690607734,6564.4,validation
HD91180,1,1,0,156.992625,-76.2324681,56424.53868055555,56424.53868055555,374.5843687720441,1.0,0.0,train
HD91273,117,1,116,157.52846201,-68.55202544,56429.557604166665,60773.331666666665,159.9030894581598,1.0,4343.8,validation
HD91307,58,0,58,157.74258868,-61.61345252,60695.130202546294,60799.25140046296,169.5615832709592,1.0,104.1,train
HD92027,58,0,58,158.9936154,-61.8638078,60694.313935185186,60800.25247685185,123.16966897389705,1.0,105.9,test
HD92061,29,0,29,159.0954,-58.9511,60695.251996527775,60695.251996527775,68.7435282461104,1.0,0.0,train
HD92066,58,0,58,158.9958667,-64.2427939,60695.191099537034,60784.31558449074,81.03215491845945,1.0,89.1,train
HD92420,58,0,58,159.7471296,-57.7781925,60696.13010416667,60819.13159722222,100.85839336335397,1.0,123.0,train
HD93190,58,0,58,161.0817304,-59.2830053,60696.19107060185,60801.261342592596,107.61718973612138,1.0,105.1,train
HD93383,58,0,58,161.6045258,-33.3249622,60696.32157986111,60824.12584490741,128.77086616724392,1.0,127.8,train
HD93442,58,0,58,161.5250167,-56.7570692,60696.25210648148,60819.192037037035,98.31215189411557,1.0,122.9,train
HD93563,146,1,145,161.73946934,-56.75719167,57846.526087962964,60739.295381944445,431.5527615001604,1.0,2892.8,train
HD93683,116,0,116,161.91199,-60.6178481,60328.29501736111,60824.186273148145,142.9330490532492,1.0,495.9,train
HD93843,160,44,116,162.157406,-60.223742,50207.032209265046,60825.06501157407,175.14195850951089,0.73125,10618.0,train
HD94963,89,2,87,164.149108,-61.708964,56802.48372106482,60790.30333333334,291.0998208965945,1.0,3987.8,train
HD95612,1,1,0,165.3,-55.58,56400.54596643519,56400.54596643519,235.39723941091353,1.0,0.0,train
HD95826,1,1,0,165.6012,-60.5172,56438.5059375,56438.5059375,478.88702068244544,1.0,0.0,train
HD95972,58,0,58,165.790342,-61.76875,60698.13010416667,60791.31009259259,78.72535123103488,1.0,93.2,train
HD9612,186,23,163,24.34259403,74.30095575,52134.1309375,60936.957345393515,182.11223517144066,0.9838709677419355,8802.8,validation
HD96357,1,1,0,166.3678263,-61.8452603,56431.57641203704,56431.57641203704,438.29165521903127,1.0,0.0,validation
HD96685,1,1,0,166.81865,-58.705289,56446.48895254629,56446.48895254629,319.8879540369494,1.0,0.0,train
HD96728,58,0,58,166.91984333,-56.66059377,60698.191030092596,60797.282743055555,149.84142567701844,1.0,99.1,train
HD96864,58,0,58,167.1203783,-56.4852625,60698.25206018519,60825.12529513889,97.47978875494366,1.0,126.9,train
HD97032,2,2,0,167.2136542,-68.3525528,56135.473533327546,56415.574224537035,142.3373790230155,1.0,280.1,train
HD9709,438,24,414,24.01285426,47.11447114,52134.10693287037,60628.90162037037,67.72978432229294,0.9908675799086758,8494.8,train
HD97253,118,2,116,167.675167,-60.384519,57532.46940393518,60825.18565393519,291.77853465708847,1.0,3292.7,validation
HD97535,87,0,87,168.02290787,-71.21746011,60333.147141203706,60774.36415509259,303.32056220984606,1.0,441.2,train
HD97580,58,0,58,168.25370165,-57.03518418,60699.25188657407,60832.04653356481,103.25488508785473,1.0,132.8,train
HD97792,118,0,118,168.5833196,-56.0475628,60078.42612268519,60832.10686921296,195.56835812493378,1.0,753.7,train
HD98001,58,0,58,168.8764458,-56.6616317,60697.334282407406,60832.16728587963,93.54139023261371,1.0,134.8,train
HD98876,1,1,0,170.4766771,-63.4871783,59393.996637731485,59393.996637731485,818.2018794163237,1.0,0.0,train
HD98922,145,0,145,170.63197604,-53.36984751,60017.306105324074,60829.08299768518,231.72405368372995,1.0,811.8,validation
HD99146,29,0,29,170.9707058,-59.3048108,60835.06396412037,60835.06396412037,109.64772068838806,1.0,0.0,train
HD99467,89,0,89,171.50575978,-59.35286485,60078.47319444444,60781.34960069445,219.98868777158637,1.0,702.9,test
HD99771,29,0,29,171.98697299,-62.80514166,60789.32755787037,60789.32755787037,92.94767846878021,1.0,0.0,train
HI CMA,91,4,87,108.1894879,-15.5017889,54935.823217592595,60797.06155092593,170.6919323037077,1.0,5861.2,test
HILT 1042,38,2,36,318.385925,48.3890531,58697.07810763889,58741.01290509259,35.66659009076773,1.0,43.9,train
HIP2382,1,1,0,7.60187321,60.16923559,60613.99804398148,60613.99804398148,438.9237146505987,1.0,0.0,train
HL LIB,408,123,285,217.66860416,-22.46091816,54877.18155671296,60849.11558449074,209.203882870993,0.9975490196078431,5971.9,validation
HP CMA,147,2,145,101.37995476,-30.94898171,54876.90259837963,60940.310960648145,427.9609067839764,1.0,6063.4,test
HRCAR,150,4,146,155.7243364,-59.62454927,48403.80881695602,60772.33177662037,115.90076838474054,0.98,12368.5,train
HV LUP,176,0,176,232.0725738,-45.1349731,59802.45690972222,60853.273640046296,201.42671360981896,1.0,1050.8,train
HZ CMA,150,5,145,102.59728349,-31.70605784,50129.7942680787,60946.351186342596,403.4876404517378,0.9733333333333334,10816.6,train
I HYA,444,70,374,145.32086383,-23.59151484,50136.94113141782,60726.362662037034,418.02553796216716,0.990990990990991,10589.4,test
IOT ARA,152,7,145,260.81698814,-47.46819647,49441.890559837964,60920.18400462963,479.81787401236204,0.993421052631579,11478.3,train
IOT LYR,1062,508,554,286.8255366,36.10015704,54635.045,60990.80859375,351.93734293533157,0.995291902071563,6355.8,train
IP PER,8,8,0,55.1956942,32.5315931,56132.129878472224,59643.8915162037,387.65129132338836,1.0,3511.8,train
IU AUR,98,17,81,81.96833559,34.7828472,54881.81046875,59933.16911458333,157.24591454022396,0.9489795918367347,5051.4,train
IU VEL,265,1,264,135.092732,-43.17399015,58576.500023148146,60725.36405671296,427.4323285313285,1.0,2148.9,train
IY CMA,178,5,173,97.16351048,-32.37127735,56245.11186921296,61026.63846064815,382.9500808014569,1.0,4781.5,train
J CEN,316,6,310,177.42108582,-63.78847913,55959.5808275463,60790.50637152778,389.66204078036526,1.0,4830.9,train
J VEL,148,3,145,155.228737,-56.043317,56411.50633101852,60734.38885416667,512.0844035965408,1.0,4322.9,test
KAP AQL,299,44,255,294.22270632,-7.0274771,54792.76091435185,60947.045902777776,400.6427243921341,0.9966555183946488,6154.3,train
KAP CMA,183,11,172,102.46024719,-32.50847846,48239.986693697916,60943.32729050926,421.88412355406786,0.994535519125683,12703.3,train
KAP DRA,3896,576,3320,188.370601,69.788238,48191.768325561345,60819.201215277775,259.4336023776558,0.6984086242299795,12627.4,train
KAP LUP,182,5,177,227.98363693,-48.73782479,54561.16365740741,60928.05489583333,447.3724385208276,1.0,6366.9,train
KAP01 APS,177,3,174,232.87842408,-73.38959141,48346.29394435764,60915.146649305556,447.9466025245466,0.9943502824858758,12568.9,validation
KP MUS,58,0,58,172.9611889,-68.05793426,60703.18755787037,60783.35859953704,104.76550099083062,1.0,80.2,train
KS CMA,115,7,108,102.31612126,-12.66792213,54907.850173611114,60782.06633101852,173.08406968049567,1.0,5874.2,test
KT CYG,3,3,0,302.9333,36.5203,58303.00608796296,59106.01060763889,175.14393002547038,1.0,803.0,train
KU CMA,87,5,82,102.61029836,-14.11336509,54909.8509837963,60647.28751736111,89.67712736573951,1.0,5737.4,train
KX AND,315,59,256,346.77588476,50.19235728,52093.08994212963,61005.013542685185,86.83158783057351,0.9904761904761905,8911.9,validation
KY AND,308,40,268,347.31977155,49.65061347,52128.00293981482,60984.78362847222,97.77943598670512,0.9902597402597403,8856.8,train
KZ CMA,108,3,105,103.46736708,-13.18586068,54886.88246527778,60789.06775462963,85.96647271157624,1.0,5902.2,train
L PUP,3158,81,3077,115.951953,-28.954825555556,58160.95821759259,60961.35580960648,434.63971181754073,1.0,2800.4,train
LAM CRU,203,1,202,193.66326073,-59.1467008,57849.57833333333,60741.34528356481,445.6978369253363,1.0,2891.8,validation
LAM CYG,5015,380,4635,311.85224026,36.49071491,49560.95347222222,61006.890861342596,221.41285108511778,0.9712861415752742,11445.9,train
LAM ERI,1057,280,777,77.28659645,-8.75408079,54083.91799768519,61018.860943287036,259.1951471939616,0.9952696310312205,6934.9,validation
LAM PAV,217,15,202,283.05430944,-62.18759233,55444.88890034722,60914.25480902778,437.5219628938007,0.9907834101382489,5469.4,validation
LIN 267,1,1,0,13.706496,-72.406208,59831.36568472222,59831.36568472222,15.324532967166673,1.0,0.0,train
LL CMA,141,4,137,103.64961688,-17.91719171,54912.82561342593,60972.24593171296,106.15158670853715,1.0,6059.4,train
LP CMA,3,3,0,104.94358388,-16.20076153,55988.81742476852,58946.858686342595,584.8749769331994,1.0,2958.0,validation
LQ AND,519,40,479,359.6934979,46.4131794,51573.77032995417,60982.96046875,134.39738939572857,0.6088631984585742,9409.2,train
LQ CMA,177,1,176,104.9356243,-28.39971813,56656.83159722222,60965.26157986111,226.81865286846212,1.0,4308.4,train
LS III +49 11,2,2,0,313.48723555,50.09149573,60888.963350694445,60939.890335648146,655.3520743775905,1.0,50.9,validation
LS III +53 23,1,1,0,328.79397404,53.43795599,60546.07281177023,60546.07281177023,319.8090073766981,1.0,0.0,train
LS MUS,145,0,145,195.77224749,-71.47573013,60011.30602430556,60741.38140046296,307.53190070698395,1.0,730.1,train
LV MUS,89,2,87,202.47736545,-65.50199663,49516.64463986111,60825.24608217592,168.02264992896994,0.9887640449438202,11308.6,train
LX VEL,117,1,116,157.59338488,-57.07739138,57847.56183449074,60793.25141203704,372.00601876542004,1.0,2945.7,train
LY CMA,3,3,0,107.40407741,-16.09633817,55988.880758101855,58863.83407986111,508.93878405997935,1.0,2875.0,train
LZ DEL,205,23,182,304.29073608,15.87267015,49847.54509162037,60937.89910300926,41.32225066441518,0.975609756097561,11090.4,validation
MHA92 4,32,2,30,298.083,29.833,59058.958628472225,59749.3478125,28.20132441982724,1.0,690.4,train
MQ TRA,90,3,87,240.93527795,-60.49846401,56146.47219907407,60943.10340856481,202.74221933948985,1.0,4796.6,train
MU CEN,177,4,173,207.40411929,-42.47373045,56405.97471064815,60851.48217592593,284.5049730682821,1.0,4445.5,train
MU LUP,178,1,177,229.63342899,-47.87527658,57934.53706018518,60929.05674189815,450.70720970232,1.0,2994.5,train
MU PIC,178,5,173,97.99295922,-58.75383659,55517.50740162037,61026.68179398148,383.88958450762664,1.0,5509.2,train
MU02 CRU,149,1,148,193.65369291,-57.16867048,57849.56189236111,60741.26655381944,483.75444844112366,1.0,2891.7,train
MWC1055,3,3,0,332.105838,54.224036,58726.02806134259,59075.977789777775,213.42506389247865,1.0,349.9,train
MWC1080,57,2,55,349.35662708333,60.845401944444,58317.01208912037,58740.05819444444,12.991734703596787,1.0,423.0,train
MWC137,42,0,42,94.689660875,15.281181194444,58077.04669560185,58386.169965277775,14.194666156148234,1.0,309.1,train
MZ AUR,151,5,146,80.13765295,36.6322305,56933.976010538194,60758.887974351856,63.763616275462844,1.0,3824.9,train
NGC7654 778,1,1,0,351.07,61.65,58744.016510416666,58744.016510416666,204.93649160743925,1.0,0.0,train
NGC7654 930,1,1,0,351.204,61.573,58744.08583333333,58744.08583333333,235.33957554269765,1.0,0.0,train
NGC884 2079,1,1,0,35.42883,57.30806,59294.93460648148,59294.93460648148,807.5147204937759,1.0,0.0,train
NN CMA,137,0,137,110.68048229,-26.01134342,56957.15121364005,60772.148726851854,255.39551275203496,1.0,3815.0,train
NO CMA,3995,0,3995,110.75290748,-31.92378027,55228.95265046296,61026.7680787037,468.46608716896617,1.0,5797.8,train
NR VEL,90,3,87,126.9603479,-50.1000206,56724.437256944446,60789.18565393519,218.86176826156276,1.0,4064.7,train
NS VEL,148,2,146,127.77470744,-39.06096283,56738.49782986111,60815.463778935184,156.48413904733815,1.0,4077.0,validation
NT PEG,361,29,332,320.89744081,14.050178,52090.091412037036,60923.24925925926,88.15191291641355,0.9944598337950139,8833.2,train
NU CYG,272,90,182,314.29341278,41.16713864,49921.98368055555,60904.89701388889,235.3735481086386,1.0,10982.9,train
NU GEM,830,113,717,97.24077556,20.2121349,53707.9755947338,60998.02619434028,170.85717199037117,0.7542168674698795,7290.1,train
NV PUP,148,3,145,109.57663895,-36.73395359,56214.170439814814,60954.363210648145,452.761782745886,1.0,4740.2,train
NW PUP,148,3,145,109.65910575,-36.74273646,58521.45478587963,60955.32991898148,442.48465090169896,1.0,2433.9,test
NW SER,450,43,407,275.36834287,5.43572007,51384.94272414995,60931.09116319445,178.17807114539949,0.8377777777777777,9546.1,train
OGLE LMC ECL 33312,1,1,0,81.59888,-67.48528,59813.39829102778,59813.39829102778,34.44827726514276,1.0,0.0,train
OME CAR,177,3,174,153.43423914,-70.03790453,56805.46635416667,60734.36476851852,521.908758828693,1.0,3928.9,test
OME CMA,456,12,444,108.70272445,-26.77266936,54083.12900462963,60954.34244965278,412.22933188774897,1.0,6871.2,train
OME ORI,3338,94,3244,84.7964429,4.1214669,50140.864583333336,60922.375005787035,208.6382032545281,0.2237866986219293,10781.5,train
OMI AND,4427,463,3964,345.480268,42.325979,48818.010416666664,60994.214346064815,201.07098968332488,0.9631804833973345,12176.2,test
OMI AQR,360,91,269,330.82851679,-2.15536298,48080.5180178588,60919.319340277776,286.9742642185694,0.975,12838.8,validation
OMI CAS,643,91,552,11.1813238,48.2843642,49235.07413194444,61023.74673611111,214.13650295230093,0.9922239502332815,11788.7,train
OMI HER,827,114,713,271.8856279,28.7624886,51720.07490912037,60942.185202546294,322.2776795612692,0.6070133010882709,9222.1,train
OMI PUP,371,98,273,117.0215346,-25.9371686,48351.811409027774,60966.30768518519,433.7658217295282,0.9973045822102425,12614.5,train
OR VEL,2,2,0,132.08689865,-46.91053767,56724.46670138889,57136.49234375,502.28597851785,1.0,412.0,train
OT GEM,2161,330,1831,111.11520039,15.51719613,50140.91527777778,61020.94104745371,181.39861781188606,0.994447015270708,10880.0,train
OY GEM,4,4,0,104.6263,16.3236,55987.80043981481,58928.96230324074,99.54037524995115,1.0,2941.2,train
OY HYA,410,50,360,149.77626537,-23.95076935,49844.54233578704,60728.37087384259,225.14885300255798,0.9975609756097561,10883.8,train
OZ NOR,88,1,87,247.2078588,-44.81261245,56138.51252314815,60861.23833912037,267.4173517115589,1.0,4722.7,train
P CAR,230,6,224,158.00609569,-61.68533231,48241.19512500579,60800.56177662037,327.17165852105006,0.9826086956521739,12559.4,train
P. CL* NGC 2004 MHFBE 132079,2,2,0,82.5229,-67.1482,52967.30898208912,52971.3335078588,60.096240471804435,1.0,4.0,train
P. CL* NGC 2004 MHFBE 132205,2,2,0,82.3578,-67.1483,52967.30898208912,52971.3335078588,151.58825651970284,1.0,4.0,validation
P. CL* NGC 2004 MHFBE 136844,1,1,0,81.8968,-67.1318,52971.3335078588,52971.3335078588,82.65509125868887,1.0,0.0,train
P. CL* NGC 2004 MHFBE 137325,2,2,0,82.2792,-67.1303,52967.30898208912,52971.3335078588,90.41696795616625,1.0,4.0,train
P. CL* NGC 2004 MHFBE 138610,2,2,0,82.5014,-67.1289,52967.30898208912,52971.3335078588,112.02944858601191,1.0,4.0,train
P. CL* NGC 2004 MHFBE 140012,2,2,0,82.0553,-67.1224,52967.30898208912,52971.3335078588,141.85068193658506,1.0,4.0,validation
PHI AND,3955,172,3783,17.375523,47.241793,49239.06340277778,60964.924913194445,220.14398542592426,0.702402022756005,11725.9,train
PHI LEO,1215,144,1071,169.16541498,-3.65160473,54126.04900462963,60766.87840274305,158.36720686698357,1.0,6640.8,test
PHI PER,1666,137,1529,25.915158,50.68873134,49235.134409722225,60997.86244211806,190.3829450069572,0.9147659063625451,11762.7,test
PI AQR,6354,3119,3235,336.3192633,1.3774006,49921.084375,61021.79502893519,394.11979491834916,0.9749763928234183,11100.7,train
PLEIONE,10454,5928,4526,57.296734,24.136712,48311.961805555555,61018.803935185184,363.15371539045015,0.817581786875837,12706.8,train
PSI PER,2242,110,2132,54.12241593,48.19263304,48536.24503286459,60962.94157696759,153.4508327631891,0.47992863514719003,12426.7,test
PY GEM,11,11,0,96.0162138,25.4170033,54907.92983796296,59968.212909953705,116.75283994049808,0.8181818181818182,5060.3,test
QQ GEM,225,22,203,98.27330334,16.94875712,54908.931059027775,61021.97003144676,78.88735475043376,0.9911111111111112,6113.0,train
QQ VEL,1,1,0,140.17547902,-42.17855118,59749.01181134259,59749.01181134259,554.0683199907942,1.0,0.0,train
QR VEL,2,2,0,140.49342851,-51.17650623,56375.45164351852,57136.523148148146,277.37715811229316,1.0,761.1,test
QR VUL,8061,736,7325,303.81625,25.5919444444,52787.149675925924,61000.75112847222,194.9271899826608,0.548070958938097,8213.6,train
QT SER,209,14,195,277.76853604,4.62695535,56400.147332175926,60507.892812777776,91.49496766799543,0.9952153110047847,4107.7,train
QV TEL,231,32,199,274.28138819,-56.02335234,55820.544386574074,60915.25167824074,492.5608395962395,1.0,5094.7,test
QY CAR,125,7,118,152.94358442,-58.06054348,48252.00103987847,60730.37795833333,473.03772503904577,0.96,12478.4,train
R PUP,285,2,283,123.37298832,-35.89951839,54876.98451967593,60961.31738425926,209.1287948971653,1.0,6084.3,test
RW TAU,201,124,77,60.9763163,28.1259733,54872.7878125,60961.102926921296,176.45394159738282,0.9950248756218906,6088.3,train
RX J0048.5 7302,1,1,0,12.14375,-73.04167,59836.21757523148,59836.21757523148,23.762210465409087,1.0,0.0,train
RY GEM,186,20,166,111.85072092,15.65963872,55267.98323489584,61024.244718344904,92.21986057034407,1.0,5756.3,validation
RY SCT,2,2,0,276.38115943,-12.69005073,58617.11289351852,59086.892164351855,1104.8535406543447,1.0,469.8,validation
SAO77503,1,1,0,86.33703411,29.15779139,60615.98762407407,60615.98762407407,1396.0442572064107,1.0,0.0,validation
SK 197,2,2,0,27.57,-74.1,59444.15330822222,59488.314913194445,101.72895579370402,1.0,44.2,train
SMC 25,1,1,0,12.9667,-73.1761,59502.19868634259,59502.19868634259,68.31547223774481,1.0,0.0,train
STHA 145,216,216,0,266.7636537,23.3292653,56404.97846643518,60503.90192708333,83.68277812219229,1.0,4098.9,train
SV CEP,22,3,19,335.388329,73.674186,56132.08237268519,59328.035607638885,20.789925089941118,1.0,3196.0,validation
SV* HV2605,2,2,0,82.7,-69.2,56596.49733796297,56610.45799189815,82.24544742651072,1.0,14.0,test
SX AUR,110,13,97,77.9288633,42.1653542,55108.105416666665,59630.17279513889,70.1547623222935,1.0,4522.1,test
TET ARI,743,49,694,34.53140992,19.90116282,52236.87092018332,61018.969797453705,155.8470379337578,0.9084791386271871,8782.1,train
TET CIR,176,2,174,224.18328077,-62.78101609,57889.49355324074,60924.06895833334,427.60911014875256,1.0,3034.6,train
TET CRB,3817,412,3405,233.232427,31.359133,48313.03402777778,60902.8651196412,200.38096767991382,0.9436730416557506,12589.8,test
TIC 264614601,1,1,0,34.52783,56.70775,60568.04079281075,60568.04079281075,128.5635740201251,1.0,0.0,train
TIC 277298315,3,3,0,84.60125,-69.48697,57060.458958333336,59809.35826777778,118.51751713031034,1.0,2748.9,train
TIC 29992934,1,1,0,73.22,-68.05,59807.34030991667,59807.34030991667,40.83230288895237,1.0,0.0,train
TIC 372857745,2,2,0,26.0121,61.8889,60549.03683449074,60550.00422522322,254.73808128722624,1.0,1.0,train
TYC02876 0187 1,1,1,0,58.6997112,44.9387983,58048.90443865741,58048.90443865741,1450.0603195990639,1.0,0.0,train
TYC3694 3711 1,1,1,0,34.50855,56.856119,60561.087384638224,60561.087384638224,81.07783249265664,1.0,0.0,train
TYC3975 1585 1,1,1,0,323.82153415,56.79954185,60502.01986689815,60502.01986689815,780.33300582859,1.0,0.0,test
TYC4032 1295 1,1,1,0,26.73971,61.02789,60551.087719481635,60551.087719481635,185.17161968655375,1.0,0.0,test
TYC4032 3078 1,2,2,0,26.32629,60.96922,60547.10772908742,60555.932697833334,175.55202317077678,1.0,8.8,test
TYC4306 1125 1,1,1,0,2.0123005,73.54322683,60605.89202199074,60605.89202199074,351.0799523053436,1.0,0.0,validation
UCAC4 092 001315,1,1,0,14.8971,-71.6339,59800.3138175,59800.3138175,39.36527101737027,1.0,0.0,train
UPS CYG,1677,106,1571,319.4794794,34.89689692,49558.92361111111,60902.94737268519,145.62760988776628,0.716159809183065,11344.0,train
UPS SGR,457,117,340,290.43176182,-15.95501735,52072.09893518518,60919.221475694445,183.10327183375298,0.986870897155361,8847.1,validation
UU PSA,172,8,164,331.15319403,-26.82235988,49633.37895654514,60914.36679976852,290.668708070483,0.9883720930232558,11281.0,train
UX ORI,5,5,0,76.12495086,-3.78730359,56236.51398726852,60327.96320708925,190.30814760248592,1.0,4091.4,train
V1008 CEN,89,2,87,218.40322266,-58.82080088,57564.49052083334,60847.287511574075,184.2253783620903,1.0,3282.8,train
V1010 CEN,1,1,0,218.62190406,-64.20203004,56475.507256944446,56475.507256944446,488.2521067408081,1.0,0.0,train
V1012 CEN,1,1,0,220.02281998,-59.93135683,56475.52385416667,56475.52385416667,462.7939703970237,1.0,0.0,train
V1018 CEN,118,0,118,222.99002639,-40.80583968,59800.45462962963,60850.185873842594,199.13999741537373,1.0,1049.7,train
V1026 SCO,94,13,81,239.1667629,-22.0277814,56115.896869212964,60856.254670138886,50.27711929807158,1.0,4740.4,test
V1040 SCO,393,86,307,238.48276682,-23.97809783,52049.01494212963,60825.99642939815,153.90419728932756,0.989821882951654,8777.0,train
V1063 SCO,87,0,87,250.17690549,-41.12696921,60066.38649305556,60863.26878472222,186.46572268095716,1.0,796.9,train
V1075 SCO,140,5,135,258.83019959,-33.54842064,54672.94399305555,60754.282789351855,436.67011092924025,1.0,6081.3,train
V1076 SCO,88,1,87,259.07324969,-42.33903408,56179.53510535301,60869.14115740741,294.01656785524574,1.0,4689.6,train
V1077 SCO,226,2,224,259.5854592,-32.55310587,54674.84899305556,60923.13207175926,336.42957891188337,1.0,6248.3,train
V1078 SCO,90,3,87,259.850621,-38.003687,49840.5156799537,60868.29543402778,182.67486989692003,0.9777777777777777,11027.8,validation
V1083 SCO,29,0,29,264.37880242,-35.33306651,60866.14262731482,60866.14262731482,166.53957159116473,1.0,0.0,validation
V1150 TAU,297,47,250,69.65100165,8.17517214,49651.40997550926,60933.310532407406,88.1889808108478,0.9932659932659933,11281.9,train
V1153 TAU,101,48,53,75.56622277,24.02916315,54879.79655092592,60568.058105805554,118.77571453123046,1.0,5688.3,train
V1162 TAU,56,7,49,84.4091504,23.1474533,55175.92650462963,59657.22798611111,137.05609160617212,0.9821428571428571,4481.3,train
V1163 TAU,63,33,30,84.74172913,28.46013534,54886.84088541667,59636.12519097222,235.34706262139883,0.9682539682539683,4749.3,test
V1165 TAU,317,36,281,85.91274722,25.43954428,54092.01900462963,60997.96589201389,86.43525953132225,0.9936908517350158,6905.9,train
V1271 ORI,5,5,0,83.7900217,10.0309756,56303.95276620371,59993.924675925926,549.0623980428414,1.0,3690.0,train
V1294 AQL,261,107,154,293.40383037,3.76132737,52420.02767361111,60912.86343730324,212.09348653522068,0.8467432950191571,8492.8,validation
V1295 AQL,216,14,202,300.76045904,5.73796411,56132.02720486111,60946.15267361111,44.393582092636294,0.9953703703703703,4814.1,train
V1307 ORI,38,8,30,90.49995249,16.51575908,56678.88634837963,59142.100630787034,111.00409960414427,1.0,2463.2,train
V1322CYG,3,3,0,305.9415175,38.5008653,56492.96974537037,58654.963541666664,480.76985329517527,1.0,2162.0,train
V1339 AQL,343,45,298,297.57283096,7.90241483,52081.0606712963,60936.90792824074,151.0027341586308,0.9883381924198251,8855.8,train
V1362 CYG,390,233,157,300.92332375,36.42559883,55087.81829861111,60917.89793402778,147.9178131059332,0.9948717948717949,5830.1,train
V1366 ORI,6,6,0,79.00199013,-9.80983802,56230.054427083334,59283.82115740741,424.58610051672235,1.0,3053.8,train
V1369 ORI,300,49,251,80.33045052,4.01194718,54091.94299768518,60996.95953703704,97.49681846055779,0.9933333333333333,6905.0,train
V1372 ORI,177,15,162,82.20190252,2.1647131,54845.937390046296,60947.28979166667,174.65130148217597,0.9943502824858758,6101.4,test
V1374 ORI,260,13,247,82.92097738,9.22598823,54848.82074074074,60958.27943865741,130.39588819378736,1.0,6109.5,validation
V1390 ORI,91,9,82,93.4257418,8.71238814,54906.89097222222,60627.31629050926,146.80600729196306,1.0,5720.4,train
V1409 ORI,3,3,0,82.579271,11.338889,56303.80149884259,60568.12066272222,557.6520572906984,1.0,4264.3,train
V1410 ORI,14,14,0,82.988521,11.29485,56303.82451967592,58494.23802662037,108.52634356581231,1.0,2190.4,train
V1427 CYG,32,6,26,323.96523069,47.91187078,55836.85031828703,60587.29368634259,158.56105709309676,1.0,4750.4,train
V1437 AQL,31,8,23,284.81329313,-7.13359209,53936.94162037037,60491.391464120374,131.83317862486393,1.0,6554.4,test
V1443 AQL,98,72,26,287.10488072,9.13354642,53936.99261574074,60889.87745949074,168.33309074605444,0.9897959183673469,6952.9,train
V1446 AQL,5,5,0,288.16773187,-6.45880292,53937.04408564815,59514.78935184028,100.4145592260726,1.0,5577.7,train
V1448 AQL,482,111,371,288.75597024,9.80761573,53927.05435185185,60937.853634259256,59.82609633443546,0.9937759336099585,7010.8,train
V1466 AQL,191,19,172,298.06492328,10.35158764,56893.89460648148,60984.76740740741,126.19807549592292,1.0,4090.9,validation
V1546 CYG,2,2,0,315.51037,43.51297,58380.80005787037,58383.88470486111,126.48116252964022,1.0,3.1,train
V1578 CYG,6,6,0,328.14207705,47.22878001,56933.89498842593,60578.186128472225,348.33220762266575,1.0,3644.3,train
V2018 CYG,5,5,0,311.690154,43.753164,55747.19912615741,59771.96847961111,145.98718812656458,1.0,4024.8,train
V2103 CYG,34,6,28,300.50543593,29.58588204,56384.1595775463,59075.92642361111,90.90919422032547,1.0,2691.8,validation
V2113 CYG,403,60,343,304.20075751,32.37983145,52082.05267361111,60192.039296111114,63.14351694582541,0.9925558312655087,8110.0,train
V2119 CYG,324,67,257,305.93487247,37.47644822,49349.31178131945,61010.867157361114,142.27108000486456,0.7685185185185185,11661.6,train
V2120 CYG,43,20,23,306.38671079,54.68420096,52082.90967592593,60902.892642280094,77.43839907525445,0.9302325581395349,8820.0,train
V2123 CYG,83,14,69,308.27130602,31.65703122,55081.9203125,60617.074508101854,123.83715477787321,0.9879518072289156,5535.2,train
V2136 CYG,979,149,830,312.47769,46.661337,52790.18240740741,60902.91594328704,262.9440389175301,0.992849846782431,8112.7,train
V2139 CYG,160,22,138,313.84629977,40.30002786,52084.99141203704,60960.7750080787,67.46793295687445,0.975,8875.8,train
V2144 CYG,116,22,94,315.20774003,46.57858674,54652.00200231482,60897.86826193287,108.90241462301307,1.0,6245.9,test
V2148 CYG,453,121,332,317.49429872,45.50255517,52085.02240740741,61006.91760971065,141.81738878327133,0.9911699779249448,8921.9,train
V2153 CYG,294,50,244,320.71312049,40.69724432,52089.066099537034,60900.93861689815,71.439897315176,0.9897959183673469,8811.9,train
V2155 CYG,586,320,266,321.12640834,55.36673352,52089.93341435185,60623.092598379626,264.07800572764063,0.9965870307167235,8533.2,test
V2156 CYG,33,10,23,321.26018291,44.45176962,55512.85720486111,60143.45008101852,197.16662160015625,0.9696969696969697,4630.6,train
V2162 CYG,628,348,280,322.31185318,44.33812581,52089.95940972222,60620.13269097222,173.7341554593346,0.9952229299363057,8530.2,train
V2163 CYG,312,25,287,322.50372168,45.49418558,52436.09793981481,60850.12412146721,162.8828193696749,0.9871794871794872,8414.0,validation
V2166 CYG,171,12,159,323.93532197,29.74552613,52090.11541666667,60929.84700231482,63.35934462990186,0.9824561403508771,8839.7,validation
V2175 CYG,101,4,97,330.40917648,50.16795425,50433.75850152917,59170.912939814814,51.45170831319932,0.32673267326732675,8737.2,train
V2188 CYG,4,4,0,308.32767,41.25986,57950.00349537037,60549.91292824074,51.427897791618484,1.0,2599.9,train
V2211 CYG,22,22,0,328.3646,52.9994,57950.062314814815,60894.023733981485,7.756782147067996,1.0,2944.0,train
V2243 OPH,2,2,0,265.7967262,-18.3023356,58250.02869212963,58616.99605324074,708.9674347048215,1.0,367.0,validation
V2307 OPH,111,33,78,250.07467863,-23.89588297,56133.87836805556,60863.20821759259,100.22665763616064,1.0,4729.3,train
V2315 OPH,56,27,29,266.06556424,5.71430783,55012.91413773148,60873.19630787037,110.91366331691029,1.0,5860.3,train
V2382 OPH,108,2,106,265.09947192,-28.92320086,54674.885,60872.199716435185,250.89937691638994,1.0,6197.3,train
V2385 OPH,49,20,29,266.56328013,-1.15004808,55296.079855324075,60875.2394849537,82.28270952661981,0.9795918367346939,5579.2,train
V337 VEL,117,1,116,152.32556688,-50.63959437,60030.387957175924,60801.20086805556,173.35430294553322,1.0,770.8,train
V338 CAR,2,2,0,168.4679725,-58.6084364,56057.551666666666,56802.51335069445,368.7071899466755,1.0,745.0,train
V339 PUP,147,2,145,101.55062178,-37.77532569,56299.46569444444,60941.351359953704,388.1031969917915,1.0,4641.9,test
V341 SGE,192,35,157,295.7011467,17.96826756,55097.79254050926,60850.073053260276,64.94387474583868,0.984375,5752.3,train
V346 ORI,5,5,0,81.17834316,1.73007204,56230.078888888886,59638.14356141667,179.0940397824556,1.0,3408.1,train
V3508 SGR,93,6,87,277.8508775,-19.1586169,55048.86177662037,60542.238344907404,66.49022609244177,1.0,5493.4,train
V351 ORI,69,11,58,86.07830539,0.14455622,55662.848200231485,60956.280486111114,95.33713385970235,1.0,5293.4,train
V353 CAR,89,2,87,167.50973876,-60.09513586,57532.46346064815,60698.312864583335,238.19154862407206,1.0,3165.8,train
V353 PER,2,2,0,33.46596937,53.91459035,60568.989233555556,60962.02027201389,239.20422660146784,1.0,393.0,validation
V355 PER,59,2,57,34.0184483,57.7448914,55935.783616898145,60949.036790405095,76.3477188891499,1.0,5013.3,train
V356 PER,54,0,54,34.2404604,57.1301933,58099.834369212964,59141.967690972226,62.967014345786524,1.0,1042.1,train
V357 LAC,1688,640,1048,335.09462876,51.8610013,52092.03693287037,60991.83158564815,130.65193307612032,0.9970379146919431,8899.8,train
V361 CEP,5,5,0,325.709096,66.109756,56153.948275462964,59458.858463805554,581.6849211157377,1.0,3304.9,train
V361 PER,6,6,0,35.8976667,56.5744069,55067.14833912037,60964.00408359954,211.21534131921211,1.0,5896.9,train
V364 NOR,1,1,0,241.99908539,-55.13045525,56153.536784247684,56153.536784247684,157.06502969011004,1.0,0.0,validation
V370 PUP,88,3,85,111.96251908,-16.0938811,56739.888640046294,60779.12219328704,83.23917185618478,1.0,4039.2,train
V372 SGE,60,39,21,302.41497522,21.07878253,55087.9096412037,60137.434519675924,70.48815935180738,1.0,5049.5,train
V373 CAR,63,5,58,119.44133,-60.82622,56323.48732638889,60773.20958333334,100.29877432271628,1.0,4449.7,train
V373 PUP,90,3,87,112.36654085,-21.85862055,56730.868663194444,60783.12126157407,121.71415667627267,1.0,4052.3,validation
V374 CAR,148,3,145,119.71063215,-60.82445982,49610.604846712966,60960.27767939815,415.3543952958995,0.9932432432432432,11349.7,train
V374 CEP,32,2,30,346.2812,62.2603,56508.97248263889,59159.9236400463,62.0576319518966,1.0,2651.0,train
V376 NOR,29,0,29,246.97574209,-59.84872711,60864.08421296296,60864.08421296296,99.89702396517553,1.0,0.0,test
V378 AND,573,212,361,345.22811837,38.70784392,52128.035416666666,60897.98336694444,204.90480123276967,0.9947643979057592,8769.9,train
V378 PUP,485,16,469,114.01622321,-14.4927725,54540.81576967592,60959.32263310185,318.6017818551584,1.0,6418.5,train
V380 ORI,2,2,0,84.10596457,-6.71602374,59528.359085648146,59638.10069036111,194.50944431272143,1.0,109.7,train
V380 PUP,2,2,0,114.35513612,-33.50747971,56661.49372106481,59209.98787037037,465.84771864837785,1.0,2548.5,train
V385 CEP,3,3,0,342.28012,62.18567,57603.01305555556,58728.860052083335,34.219632788777474,1.0,1125.8,train
V387 PUP,148,1,147,115.94963721,-40.30932355,58512.48310763889,60763.21016203704,309.1976494375094,1.0,2250.7,train
V3892 SGR,29,0,29,266.190767,-27.229028,60873.25690393519,60873.25690393519,128.27417388923539,1.0,0.0,train
V3894 SGR,216,1,215,267.11598399,-26.9749433,54671.94699074074,60928.121770833335,359.13398592347824,1.0,6256.2,validation
V3903 SGR,126,9,117,272.32374524,-23.98839603,55038.87361689815,60911.21631365741,242.5495664908101,1.0,5872.3,test
V392 PUP,294,2,292,116.54393435,-37.93366883,56675.45556712963,60962.32603009259,473.46961972567647,1.0,4286.9,validation
V396 VUL,164,19,145,297.7697412,27.71690622,55098.84287615741,60871.01106633155,69.15888555148943,0.9939024390243902,5772.2,validation
V397 LAC,37,7,30,331.53480439,49.90244117,55747.25263310185,60961.84308337963,148.34516953460883,1.0,5214.6,train
V3984 SGR,120,1,119,269.98512478,-33.40832746,56130.593755787035,60880.301886574074,192.02556993287055,1.0,4749.7,test
V402 CAR,1,1,0,158.88446,-58.25628,56431.539988425924,56431.539988425924,287.65539072208674,1.0,0.0,validation
V4024 SGR,195,29,166,287.0695946,-19.29028689,52072.0759375,60916.228472222225,407.1037748421588,0.9743589743589743,8844.2,train
V404 LAC,38,15,23,334.75099658,45.80236881,52133.966203703705,60513.45730902778,110.8120452272355,0.8947368421052632,8379.5,train
V4045 SGR,158,2,156,272.99234027,-28.90153526,49216.41212743634,60494.276047453706,237.3422880309563,0.9873417721518988,11277.9,train
V408 LAC,167,41,126,336.4239658,52.4384533,55066.87433449074,60224.926846064816,137.7147079925445,0.9760479041916168,5158.1,train
V408 PUP,1,1,0,119.7716569,-25.27693784,59247.922447916666,59247.922447916666,541.7501639223389,1.0,0.0,train
V413 AUR,359,130,229,77.48513401,37.00444741,54854.836359953704,60999.238465891205,126.0813464839,0.9888579387186629,6144.4,train
V413 LAC,33,3,30,337.5238869,54.79016054,55745.07240162037,60177.90107216234,118.76618734011049,1.0,4432.8,train
V4131 SGR,3,3,0,280.04586353,-22.66383385,56540.82457754629,58378.53724537037,320.1233336125407,1.0,1837.7,train
V414 AUR,75,16,59,77.70084625,41.00289547,54880.77392361111,60725.81834068287,83.9921552047745,0.9866666666666667,5845.0,test
V415 AUR,51,23,28,78.06039732,41.21520499,54394.15900462963,60592.52560763889,104.28940722959214,0.9803921568627451,6198.4,train
V416 AUR,122,26,96,78.30555713,40.19353105,54084.87400462963,61001.88942615741,60.594329171243174,1.0,6917.0,validation
V417 CEP,40,11,29,312.79161084,55.48874602,55491.88929398148,60985.79137773148,41.63022979173025,0.975,5493.9,train
V420 AUR,305,15,290,80.64679769,37.67601002,50434.91096465,60642.04010907407,48.90849833253931,0.5606557377049181,10207.1,train
V420 CEP,126,70,56,318.68951538,59.76102848,52088.96288194445,60598.20184606482,122.2284343565116,0.9682539682539683,8509.2,train
V420 PUP,221,12,209,122.0806601,-23.61778976,54785.17710069445,60790.12412037037,254.52650617020404,1.0,6004.9,test
V421 CEP,230,79,151,319.32829329,58.61148335,52088.99215277778,60992.81538773148,236.8144253069346,0.991304347826087,8903.8,validation
V423 LAC,261,16,245,343.94609641,43.5592867,55066.96152777778,61006.937377650465,87.05735045252658,0.9961685823754789,5940.0,train
V424 PER,33,3,30,35.461686,57.386555,55067.130827546294,59158.059270833335,130.8741151261991,1.0,4090.9,train
V425 CYG,108,5,103,302.0190067,36.1238889,55918.844563831015,58992.038327546295,11.30618275419267,1.0,3073.2,train
V425 VEL,66,9,57,154.0860329,-55.5975889,56811.49532407407,60815.52032986111,83.20428601512265,1.0,4004.0,train
V426 PUP,120,1,119,122.97840594,-30.21189764,56686.48716435185,60791.12469907408,175.38175033777975,1.0,4104.6,train
V432 CEP,53,9,44,324.24850021,58.14016822,55100.89955439815,60154.421186342595,36.996956008098465,0.9622641509433962,5053.5,train
V434 AUR,141,20,121,85.58277168,43.05959179,54823.87361689815,61001.918670046296,107.61820372983907,1.0,6178.0,test
V435 CEP,34,4,30,326.14172151,59.05714964,56131.059253472224,59171.91631944444,187.40926428756427,1.0,3040.9,train
V4379 SGR,112,12,100,271.3888071,-19.7542067,49581.87333177083,60882.25046875,106.40997564899011,0.9910714285714286,11300.4,validation
V438 AUR,46,18,28,87.22353916,29.1361159,54889.814837962964,60739.820130092594,185.34025181249882,0.8913043478260869,5850.0,test
V4383 SGR,91,2,89,272.8512963,-20.7125014,55764.90586226852,60913.21306712963,132.0531491358786,1.0,5148.3,train
V439 CEP,255,27,228,329.83195436,60.29766467,55102.859322916665,60869.07766355324,92.17703014628572,0.9921568627450981,5766.2,train
V4400 SGR,61,3,58,278.83530135,-22.09093811,55057.84764467592,60387.34085648148,34.97980722585826,1.0,5329.5,test
V4409 SGR,89,2,87,286.1997284,-18.70755146,56553.885833333334,60943.164606481485,81.09149020457102,1.0,4389.3,train
V442 AND,16486,4249,12237,15.9723333333,47.6423055556,52676.76293981481,61026.0044212963,171.18763277341316,0.9990294795584131,8349.2,train
V447 AUR,196,22,174,91.1600371,46.5851128,54395.12299768518,60963.09339120371,97.82999269881857,0.9897959183673469,6568.0,train
V447 SCT,141,15,126,281.1389163,-7.1106031,52063.97793981482,60492.35369212963,93.56245282294958,0.7092198581560284,8428.4,train
V448 SCT,159,19,140,277.786013,-5.789532,52096.0315625,60506.88389602315,163.1367457761124,0.7547169811320755,8410.9,train
V450 CEP,5,5,0,336.26525627,57.84159086,55836.87752893518,60540.44750578704,290.6666359890654,1.0,4703.6,train
V468 PUP,292,0,292,114.99162979,-37.57942361,59960.47954861111,60960.33986111111,408.8213314627385,1.0,999.9,train
V471 CAR,63,5,58,129.21957006,-63.62761541,56332.51988425926,60763.27057291667,160.283667457656,1.0,4430.8,train
V473 PER,97,16,81,34.1634071,56.7377986,52529.008252314816,60606.95615740741,145.75352977980435,0.9690721649484536,8077.9,train
V480 CAR,121,3,118,141.16449271,-58.6890298,56727.48,60783.236493055556,184.6693911467558,1.0,4055.8,validation
V484 CAR,118,2,116,143.62414388,-66.1222343,56384.4721412037,60774.30315972222,237.61120818416703,1.0,4389.8,train
V485 CAR,117,1,116,145.40542375,-68.50499003,56384.48217592593,60779.298350694444,285.6365707664067,1.0,4394.8,train
V490 CEP,1,1,0,324.878,56.986114,58725.97934027778,58725.97934027778,26.629503868845674,1.0,0.0,test
V494 SCT,1,1,0,278.0789637,-11.2898892,59416.24570601852,59416.24570601852,515.5745364835157,1.0,0.0,validation
V495 CEN,3,3,0,195.3950217,-56.0919197,56835.43824074074,58678.49718171296,193.34021119485806,1.0,1843.1,train
V497 CAR,1,1,0,152.90115404,-59.88378462,56404.53055555555,56404.53055555555,407.38214802301167,1.0,0.0,validation
V502 PER,33,3,30,34.4360796,56.8999894,57419.7980787037,59142.04132523148,125.8906116477787,1.0,1722.2,validation
V503 CAR,1,1,0,156.50079286,-57.82693172,56421.46873842592,56421.46873842592,468.09066545363424,1.0,0.0,train
V503 PER,32,2,30,35.162617,57.312081,58566.83392361111,59166.763240740744,110.77468216897095,1.0,599.9,test
V504 PER,34,4,30,35.3252775,57.3061383,57419.911024305555,59157.9891087963,90.59173734376633,1.0,1738.1,train
V506 PER,32,2,30,35.43063,57.12581,57388.79854166666,59158.029832175926,131.86688672388843,1.0,1769.2,train
V507 CAR,465,1,464,157.07608117,-63.16456756,57847.52824652778,60882.015393518515,275.91511338206726,1.0,3034.5,train
V507 PER,2,2,0,35.47042,57.16644,56229.879016203704,58362.06836226852,371.72867583384203,1.0,2132.2,validation
V510 CAR,148,1,147,157.64045775,-61.33648654,56431.52447916667,60782.31038773148,220.39197556028952,1.0,4350.8,train
V5100SGR,1,1,0,271.04662,-24.41319,59378.17068865741,59378.17068865741,138.79320986587533,1.0,0.0,train
V518 CAR,170,3,167,160.558835,-64.46642564,48708.00069143518,60739.25931712963,452.52421006505085,0.9882352941176471,12031.3,train
V519 PER,2,2,0,34.636667,57.211058,58733.06722800926,59095.100515046295,147.1647329328698,1.0,362.0,train
V529 CAS,44,14,30,37.4313971,60.6773725,54852.818524305556,60937.002260925925,159.1227399447206,0.9772727272727273,6084.2,validation
V532 LYR,566,64,502,278.34599403,30.89209017,49860.64918906829,60923.826886574076,105.79141778591895,0.9893992932862191,11063.2,train
V548 PER,35,5,30,29.02974802,56.55437935,55833.034924768515,59128.043078703704,114.20210513680057,1.0,3295.0,train
V549 PER,234,46,188,33.72128978,54.53171938,52162.9009375,60628.09016782408,48.58055977747219,0.9914529914529915,8465.2,validation
V5563 SGR,1,1,0,271.14256,-24.36681,58617.08186342593,58617.08186342593,1245.9349634314392,1.0,0.0,train
V558 LYR,202,44,158,291.90165132,37.94119683,52081.037939814814,60902.8797337963,96.01146850140162,0.9851485148514851,8821.8,test
V568 CYG,253,35,218,310.59301391,35.45619543,52082.96146990741,60961.74584916667,119.84605094739395,0.9841897233201581,8878.8,train
V581 PER,174,23,151,59.08483936,44.93748748,54821.873611111114,60652.00404965278,86.34435717800477,0.9885057471264368,5830.1,train
V584 PER,188,56,132,63.1519376,42.11842625,54875.76789930555,60962.07913082176,122.51054280034624,0.9840425531914894,6086.3,train
V586 ORI,2,2,0,84.2468767,-6.1545447,57400.925046296295,58860.80703125,696.6485544124716,1.0,1459.9,train
V586 PER,109,17,92,64.3181992,46.2305514,54875.80095486111,60964.06460907408,91.59541670579891,0.981651376146789,6088.3,test
V593 TAU,67,9,58,88.2753904,26.4454056,54898.82412037037,59986.915289351855,155.31886857686965,1.0,5088.1,train
V594 CAS,448,43,405,10.8260696,61.9111475,55066.12913773148,60561.01095897959,32.71121630609606,1.0,5494.9,train
V599 CAR,1,1,0,163.3635933,-58.4234819,56437.532847222225,56437.532847222225,362.3965857696054,1.0,0.0,train
V615 CAS,6,6,0,40.13193816,61.22933651,55873.98281828704,60959.06299517361,332.089244707421,1.0,5085.1,train
V635 CAS,1,1,0,19.63292,63.74,60568.12084516431,60568.12084516431,217.50101082566096,1.0,0.0,validation
V644 CEN,1,1,0,175.777146,-60.734703,59767.03824258333,59767.03824258333,91.7264835066047,1.0,0.0,train
V644 MON,62,10,52,104.2890929,-10.8244617,54914.84346643519,60654.302246527775,213.43353793872575,0.9838709677419355,5739.5,train
V647 MON,29,2,27,107.2448179,-1.0158081,56755.848078703704,59328.82974537037,30.194025966463165,1.0,2573.0,train
V658 CAR,19,19,0,159.696958,-58.725665,57826.5186400463,57894.47139467593,82.41757012641862,1.0,68.0,train
V695 MON,202,40,162,120.18389285,-2.88192056,49836.861364809025,60706.3354224537,176.96217441735942,0.9900990099009901,10869.5,validation
V696 MON,321,66,255,91.05625598,-6.70893821,54000.08304398148,60924.36255787037,277.744329604332,0.9314641744548287,6924.3,train
V699 MON,2,2,0,98.174146,10.159344,56213.20754050926,57009.97466435185,968.1564784488991,1.0,796.8,test
V715 MON,326,20,306,102.26523443,1.00206433,52365.91412472917,60945.35096643519,161.0281866068712,0.7914110429447853,8579.4,validation
V716 CEN,178,2,176,213.41593485,-54.62562705,57564.45207175926,60920.07401041667,326.32203129035327,1.0,3355.6,train
V718 SCO,256,53,203,243.29830008,-22.48518134,56115.95928819444,60860.08078125,87.36424608751182,1.0,4744.1,test
V725 MON,109,4,105,97.57345527,2.8478937,55576.952731481484,60767.08542824074,54.16842975138609,1.0,5190.1,validation
V728 MON,160,6,154,98.18013282,-7.5089694,52265.00870966916,60967.26191550926,66.01871336760568,0.58125,8702.3,train
V731 TAU,288,21,267,85.83125736,23.20437322,54084.005,60989.02162037037,100.66544782476953,1.0,6905.0,test
V733 MON,63,5,58,100.00659326,-4.69870892,56015.87162615741,60969.26719907407,102.89294627477821,1.0,4953.4,train
V737 MON,31,2,29,100.55391516,-10.49807772,56015.83314236111,60779.068402777775,85.78853755674983,1.0,4763.2,train
V742 CAS,214,59,155,2.90477772,58.21182887,52139.0209375,60982.19841435185,116.33112351851938,0.9672897196261683,8843.2,train
V742 MON,230,14,216,102.9406358,5.08440633,52656.799008370836,60677.36903356481,85.34884462535751,0.7086956521739131,8020.6,test
V746 MON,96,44,52,104.07952,-3.8070833,54742.18476851852,60695.32959490741,77.41911324528293,1.0,5953.1,test
V750 ARA,338,37,301,261.97838236,-47.02622115,49932.6959940625,60898.51791087963,287.3537051890047,0.9911242603550295,10965.8,train
V763 MON,94,13,81,113.99081809,-3.36830168,54909.934508101855,60677.453726851854,145.58396843028413,0.9893617021276596,5767.5,train
V764 CAS,454,39,415,19.3595516,57.63208145,52134.08494212963,60898.01359570602,130.67715808083335,0.6916299559471366,8763.9,train
V767 CEN,758,62,696,208.48849774,-47.12816347,57888.52389467593,60660.340503472224,345.56199768567353,1.0,2771.8,train
V771 SGR,34,5,29,268.3685054,-24.7743642,55777.86902777778,60876.239820601855,98.70716577822776,1.0,5098.4,train
V774 CEN,118,0,118,208.36761413,-39.0572033,59795.46123842592,60835.25334490741,228.0017615281665,1.0,1039.8,test
V777 CAS,625,105,520,28.92856102,59.27344999,52143.9909375,60899.167386469904,90.27943007870351,0.888,8755.2,validation
V780 CAS,164,30,134,30.65178084,59.68810056,52162.9309375,60961.020542673614,114.87192454738593,0.9817073170731707,8798.1,train
V782 CAS,232,56,176,32.1893179,65.03742368,52144.0609375,60899.129307800926,76.85978048828724,0.9913793103448276,8755.1,validation
V783 CAS,31,4,27,32.62893626,64.09198216,56917.02738425926,59097.080347222225,30.45291212571123,1.0,2180.1,train
V795 CEN,146,1,145,213.73807658,-57.08612622,57883.545810185184,60921.07058449074,440.880156511401,1.0,3037.5,train
V801 CAS,293,54,239,47.22574418,62.38459712,52163.0459375,61019.01939814815,119.73311369043681,0.9658703071672355,8856.0,test
V807 CEN,1,1,0,216.316367,-61.319892,57564.460619212965,57564.460619212965,399.066904330395,1.0,0.0,train
V808 CAS,30,6,24,348.86633379,62.079048,55836.90429976852,60897.00431236111,30.92898088546186,1.0,5060.1,validation
V810 CAS,115,9,106,350.0792353,55.80780007,55067.02766782408,60180.45093171296,72.7382728108588,1.0,5113.4,validation
V811 CAS,120,12,108,350.14294994,58.2776227,55085.00076967593,60201.411145833335,75.36960509880609,0.9916666666666667,5116.4,train
V813 CAS,141,20,121,350.54360005,56.34822529,52245.786412037036,60961.89790512731,88.19813640055423,0.9787234042553191,8716.1,train
V817 CAS,72,21,51,356.47941839,54.73539769,55066.90778356481,60559.95161025,77.13396468440942,0.9861111111111112,5493.0,train
V817 CEN,178,2,176,182.22745499,-41.23160344,56786.50356481481,60740.31542824074,485.9905610075311,1.0,3953.8,test
V818 CAS,243,143,100,357.47133135,62.21409218,52134.967673611114,60910.04048445602,179.83323099539106,0.9835390946502057,8775.1,test
V828 ARA,148,3,145,255.4474461,-58.95824824,56173.53653935185,60915.19914351852,373.9721535088544,1.0,4741.7,train
V830 ARA,61,3,58,263.4849871,-45.6272481,56167.545127314814,60861.35920717593,96.71017042964652,1.0,4693.8,validation
V831 CAS,70,3,67,26.750708,61.356583,50434.850943804166,59118.99736689815,30.692650914183698,0.04285714285714286,8684.1,train
V846 ARA,176,2,174,254.03684569,-50.67479072,56903.52714699074,60921.163148148145,422.79945640832295,1.0,4017.6,test
V848 ARA,33,4,29,254.73669064,-46.12899435,56467.55271412037,60864.326394675925,157.8371692261938,1.0,4396.8,train
V856 SCO,117,0,117,242.14286185,-39.10509107,59802.536458333336,60859.27605324074,230.53512661988546,1.0,1056.7,validation
V862 ARA,179,4,175,262.84701613,-56.9209631,56174.53355324074,60923.18976273148,344.1191101023928,1.0,4748.7,train
V862 SCO,136,2,134,265.00433813,-32.20106799,49199.703204230325,60870.31328703704,266.01142737936186,0.9852941176470589,11670.6,validation
V863 CEN,198,2,196,182.0217667,-50.66127022,55960.60282986111,60740.2726099537,402.75028414049314,1.0,4779.7,train
V864 ARA,1744,4,1740,263.29727591,-58.55753284,56172.55195601852,60975.0405787037,258.765605320021,1.0,4802.5,train
V868 ARA,151,5,146,267.57863149,-47.2305249,56152.555925925924,60965.09462962963,204.4111996476448,1.0,4812.5,train
V907 CEN,1,1,0,170.58218392,-61.07347153,56842.44011574074,56842.44011574074,468.65525501016583,1.0,0.0,train
V923 AQL,530,68,462,292.63801325,3.44440538,48012.189789282405,60996.754832175924,121.7945172027355,0.7849056603773585,12984.6,train
V946 CEN,88,1,87,195.39540135,-60.67138805,57877.47657407408,60791.37054398148,226.81479798916592,1.0,2913.9,train
V952 CEN,31,2,29,197.8729964,-55.35684286,56452.564571759256,60797.34318287037,144.36414623323984,1.0,4344.8,train
V955 CEN,88,1,87,198.54802452,-63.37373648,49516.590830549765,60800.373449074075,107.4835838670999,0.9886363636363636,11283.8,train
V956 SCO,89,2,87,256.7714879,-35.7589956,49915.7228767419,60867.17328125,131.24598629329435,0.9887640449438202,10951.5,train
V958 CEN,118,1,117,198.66952056,-38.65157169,57855.56711805556,60824.24673611111,280.0200044191322,1.0,2968.7,train
V959 CEN,2,2,0,198.79168839,-60.96686912,56461.54957175926,56828.497245370374,340.93994691000836,1.0,366.9,train
V963 ORI,38,9,29,94.82032843,20.5799328,54907.83236689815,60636.259108796294,142.1860151628589,1.0,5728.4,train
V967 CEN,90,3,87,201.85441535,-62.64901217,49533.75315845486,60801.38222800926,210.61282706413093,0.9777777777777777,11267.6,train
V972 CAS,4,4,0,26.325104,61.115689,55421.91009837963,59066.067702546294,196.42794175867715,1.0,3644.2,train
V973 CAS,1,1,0,26.40737,61.13311,55424.08175925926,55424.08175925926,122.12544361840833,1.0,0.0,train
V974 HER,316,44,272,270.11523862,19.50578511,52066.91793981481,60996.766984953705,117.9913768742405,0.9873417721518988,8929.8,validation
V975 CAS,3,3,0,26.443517,61.155764,55421.942453703705,58737.06204282407,8.66598642210287,1.0,3315.1,test
V976 CAS,1,1,0,26.48379,61.21261,58386.04398148148,58386.04398148148,123.72219953517117,1.0,0.0,train
V977 CAS,2,2,0,26.49712,61.21269,55422.91820601852,58386.016597222224,266.0000373861869,1.0,2963.1,train
V978 CAS,126,9,117,26.52538,61.22753,55533.82549189815,60596.40081597222,66.36939274650226,1.0,5062.6,train
V979 CAS,1,1,0,26.55836,61.22884,58766.9265625,58766.9265625,125.59294832325429,1.0,0.0,train
V980 CAS,1,1,0,26.58423,61.23933,55422.95738425926,55422.95738425926,78.95316490357801,1.0,0.0,test
V981 CAS,4,4,0,26.61179,61.12825,55422.99274884259,60223.9035474537,112.75450560406209,1.0,4800.9,train
V982 CAS,1,1,0,26.612096,61.236433,58092.96854166667,58092.96854166667,507.3374877808542,1.0,0.0,train
V983 CAS,2,2,0,26.61525,61.20706,55423.02090856482,58395.90027777778,478.5010260744052,1.0,2972.9,test
V984 CAS,1,1,0,26.62761,61.24146,55423.04938657407,55423.04938657407,80.57094437669319,1.0,0.0,train
V985 CAS,1,1,0,26.64807,61.2633,55422.082280092596,55422.082280092596,331.6994988725805,1.0,0.0,train
V986 CAS,1,1,0,26.76542,61.29228,59841.87666666666,59841.87666666666,315.468641998225,1.0,0.0,train
V986 OPH,183,29,154,271.15565384,1.9189917,52074.97694444445,60929.12846064815,150.0440063503965,0.9890710382513661,8854.2,train
V987 CEN,32,3,29,209.49071759,-59.88468594,56824.5291087963,60846.157534722224,110.6858724336186,1.0,4021.6,train
VV PSA,153,8,145,329.98142258,-31.52573478,49668.819995949074,60921.287702546295,213.1236165946496,0.9869281045751634,11252.5,train
VV SER,23,5,18,277.199437,0.144378,56152.987413194445,59772.03275438889,4.549566245508199,1.0,3619.0,validation
VX CAS,5,5,0,7.8778525,61.9808239,58720.08349537037,60224.931371527775,17.7194223969775,1.0,1504.8,test
W DEL,4,4,0,309.41702643,18.28438282,56489.96396990741,60193.88837761574,483.1810703975285,1.0,3703.9,test
WW VUL,9,9,0,291.4947925,21.2086875,56131.99290509259,60572.95624175,268.1018028548838,1.0,4441.0,train
XY PER,28,5,23,57.40134954,38.98211249,56153.091886574075,60567.167564222225,70.82725331357595,1.0,4414.1,train
Z HER,1246,73,1173,267.51389913,48.3941555,50137.15,60949.175891203704,76.13047690683823,0.9919743178170144,10812.0,train
ZET CRV,579,137,442,185.140175,-22.21590028,49503.94781013889,61024.2855609375,254.34738229142428,0.9965457685664939,11520.3,train
ZET OPH,2736,87,2649,249.28974606,-10.56709152,49922.868055555555,60931.05663194445,257.67228060315995,0.14364035087719298,11008.2,test
ZET TAU,5832,4098,1734,84.411191,21.142549,48296.975576394674,61019.85276041667,870.4004362669051,0.9454732510288066,12722.9,train
[BE74] 570,4,4,0,80.64908,-70.40344,56224.48780671296,59303.45693287037,123.70810071895067,1.0,3079.0,train
[KW97] 26 56,1,1,0,91.0908,28.6444,57064.891302083335,57064.891302083335,363.04316847006623,1.0,0.0,train
